,Date,Closing Price,High after 1 day,High after 2 days,High after 3 days,High after 4 days,High after 5 days,High after 6 days,High after 7 days,High after 8 days,High after 9 days,High after 10 days,High after 15 days,High after 20 days,High after 25 days,High after 30 days,Up after day 1,Up after day 2,Up after day 3,Up after day 4,Up after day 5,Up after day 6,Up after day 7,Up after day 8,Up after day 9,Up after day 10,Up after day 15,Up after day 20,Up after day 25,Up after day 30,% change after day 1,% change after day 2,% change after day 3,% change after day 4,% change after day 5,% change after day 6,% change after day 7,% change after day 8,% change after day 9,% change after day 10,% change after day 15,% change after day 20,% change after day 25,% change after day 30
0,2019-03-25,448.7000122,430.2000122,447.5,426.6000061,400.3999939,387.7999878,383.8999939,389.6000061,385.7000122,372.7000122,369.7000122,343,310.6000061,318.6000061,318.6000061,0,0,0,0,0,0,0,0,0,0,0,0,0,0,-4.12%,-0.27%,-4.93%,-10.76%,-13.57%,-14.44%,-13.17%,-14.04%,-16.94%,-17.61%,-23.56%,-30.78%,-28.99%,-28.99%
1,2019-03-25,128.9600067,124.9199982,128.4400024,124.3600006,119.2399979,116.7200012,115.9199982,117.1399994,116.2399979,113.6800003,113.1200027,107.8399963,100.9599991,102.8000031,102.8000031,0,0,0,0,0,0,0,0,0,0,0,0,0,0,-3.13%,-0.40%,-3.57%,-7.54%,-9.49%,-10.11%,-9.17%,-9.86%,-11.85%,-12.28%,-16.38%,-21.71%,-20.29%,-20.29%
2,2019-03-25,32.06999969,32.49000168,32.22999954,32.33000183,32.88000107,33.45999908,33.5,34.20999908,34.19400024,34.54999924,34.63000107,34.29999924,33.27600098,33.25999832,33.25999832,1,1,1,1,1,1,1,1,1,1,1,1,1,1,1.31%,0.50%,0.81%,2.53%,4.33%,4.46%,6.67%,6.62%,7.73%,7.98%,6.95%,3.76%,3.71%,3.71%
3,2019-03-25,21.20000076,21.31999969,21.04999924,20.88999939,20.97999954,21.04000092,21.17000008,21.20999908,21.04999924,21.20000076,21.40999985,21.5,21.98999977,21.78000069,21.78000069,1,0,0,0,0,0,1,0,0,1,1,1,1,1,0.57%,-0.71%,-1.46%,-1.04%,-0.75%,-0.14%,0.05%,-0.71%,0.00%,0.99%,1.42%,3.73%,2.74%,2.74%
4,2019-03-25,35.15000153,35.31000137,36.20999908,36.04000092,35.86000061,35.56000137,35.47000122,36.02000046,36.52999878,37.06000137,37.13000107,37.70999908,38.63000107,38.77000046,38.77000046,1,1,1,1,1,1,1,1,1,1,1,1,1,1,0.46%,3.02%,2.53%,2.02%,1.17%,0.91%,2.48%,3.93%,5.43%,5.63%,7.28%,9.90%,10.30%,10.30%
5,2019-03-25,58,58.54999924,58.58000183,58.54000092,58.83000183,59.11000061,59.09999847,59.13999939,59.09000015,59.22999954,59.22000122,59.54000092,59.36999893,59.54000092,59.54000092,1,1,1,1,1,1,1,1,1,1,1,1,1,1,0.95%,1.00%,0.93%,1.43%,1.91%,1.90%,1.97%,1.88%,2.12%,2.10%,2.66%,2.36%,2.66%,2.66%
6,2019-03-25,60.27999878,60.83000183,60.84999847,60.59000015,60.79999924,61.56000137,61.61000061,62.20999908,61.97000122,62.06000137,62.08000183,62.38999939,62.54000092,62.25,62.25,1,1,1,1,1,1,1,1,1,1,1,1,1,1,0.91%,0.95%,0.51%,0.86%,2.12%,2.21%,3.20%,2.80%,2.95%,2.99%,3.50%,3.75%,3.27%,3.27%
7,2019-03-25,34.59999847,35.09999847,34.83000183,35.16999817,35.40000153,35.66999817,35.90000153,35.93999863,35.63999939,35.81000137,35.36000061,35.58000183,35.13999939,35.34000015,35.34000015,1,1,1,1,1,1,1,1,1,1,1,1,1,1,1.45%,0.66%,1.65%,2.31%,3.09%,3.76%,3.87%,3.01%,3.50%,2.20%,2.83%,1.56%,2.14%,2.14%
8,2019-03-25,105.5999985,102.6800003,105.5599976,102.1200027,97.95999908,95.91999817,95.27999878,96.27999878,95.59999847,93.40000153,92.95999908,88.63999939,82.91999817,84.40000153,84.40000153,0,0,0,0,0,0,0,0,0,0,0,0,0,0,-2.77%,-0.04%,-3.30%,-7.23%,-9.17%,-9.77%,-8.83%,-9.47%,-11.55%,-11.97%,-16.06%,-21.48%,-20.08%,-20.08%
9,2019-03-25,208.4499969,211.3300018,210.1900024,208.8800049,210.8500061,213.9400024,214.0599976,215.9799957,215.4100037,212.4100037,212.4900055,216.4499969,217.5800018,218.5599976,218.5599976,1,1,1,1,1,1,1,1,1,1,1,1,1,1,1.38%,0.83%,0.21%,1.15%,2.63%,2.69%,3.61%,3.34%,1.90%,1.94%,3.84%,4.38%,4.85%,4.85%
10,2019-03-25,38.36000061,38.58000183,38.68999863,38.45000076,38.65000153,39.11999893,39.25999832,39.75,39.70000076,39.77999878,39.84000015,40.20999908,40.40999985,40.24000168,40.24000168,1,1,1,1,1,1,1,1,1,1,1,1,1,1,0.57%,0.86%,0.23%,0.76%,1.98%,2.35%,3.62%,3.49%,3.70%,3.86%,4.82%,5.34%,4.90%,4.90%
11,2019-03-25,42.72000122,42.91999817,42.54000092,42.83000183,43.29000092,44.25999832,44.20999908,44.13000107,44.27000046,44.59000015,44.56999969,44.59999847,43.86999893,43.65999985,43.65999985,1,0,1,1,1,1,1,1,1,1,1,1,1,1,0.47%,-0.42%,0.26%,1.33%,3.60%,3.49%,3.30%,3.63%,4.38%,4.33%,4.40%,2.69%,2.20%,2.20%
12,2019-03-25,15.22000027,15.43000031,15.39999962,15.54899979,15.71500015,15.98700047,15.98499966,16.12000084,16.16900063,16.25,16.27499962,16.31999969,16.60000038,16.67000008,16.67000008,1,1,1,1,1,1,1,1,1,1,1,1,1,1,1.38%,1.18%,2.16%,3.25%,5.04%,5.03%,5.91%,6.24%,6.77%,6.93%,7.23%,9.07%,9.53%,9.53%
13,2019-03-25,111.0299988,112.1200027,111.9599991,111.6900024,112.2300034,112.9800034,112.75,112.75,112.4700012,112.6600037,112.6399994,113.0999985,112.6500015,113.0100021,113.0100021,1,1,1,1,1,1,1,1,1,1,1,1,1,1,0.98%,0.84%,0.59%,1.08%,1.76%,1.55%,1.55%,1.30%,1.47%,1.45%,1.86%,1.46%,1.78%,1.78%
14,2019-03-25,78.69999695,79.66999817,79.61000061,79.45999908,79.94999695,81.29000092,81.18000031,81.72000122,81.90000153,82.33000183,82.37000275,82.54000092,83.34999847,83.12000275,83.12000275,1,1,1,1,1,1,1,1,1,1,1,1,1,1,1.23%,1.16%,0.97%,1.59%,3.29%,3.15%,3.84%,4.07%,4.61%,4.66%,4.88%,5.91%,5.62%,5.62%
15,2019-03-25,50.02000046,51.54000092,51.61999893,51.63000107,52.41999817,52.88999939,53,53.36999893,53.13999939,53.52000046,53.70000076,55.61000061,56.63999939,56.45000076,56.45000076,1,1,1,1,1,1,1,1,1,1,1,1,1,1,3.04%,3.20%,3.22%,4.80%,5.74%,5.96%,6.70%,6.24%,7.00%,7.36%,11.18%,13.23%,12.85%,12.85%
16,2019-03-25,33.47000122,34.04000092,33.69499969,33.93000031,34.11000061,34.88000107,35.03900146,35.77999878,35.38999939,35.70000076,35.70000076,35.40000153,35.61399841,35.77000046,35.77000046,1,1,1,1,1,1,1,1,1,1,1,1,1,1,1.70%,0.67%,1.37%,1.91%,4.21%,4.69%,6.90%,5.74%,6.66%,6.66%,5.77%,6.41%,6.87%,6.87%
17,2019-03-25,48.74000168,49.11999893,49.13000107,48.81000137,48.95000076,49.63000107,49.74000168,50.24000168,50.09000015,50.18000031,50.18000031,50.40000153,50.41999817,49.93000031,49.93000031,1,1,1,1,1,1,1,1,1,1,1,1,1,1,0.78%,0.80%,0.14%,0.43%,1.83%,2.05%,3.08%,2.77%,2.95%,2.95%,3.41%,3.45%,2.44%,2.44%
18,2019-03-25,95.25,95.22000122,94.75,94.70999908,95.5,96.83000183,97.48000336,97.30000305,96.33000183,96.12000275,96.48000336,98.33999634,102,101.6200027,101.6200027,0,0,0,1,1,1,1,1,1,1,1,1,1,1,-0.03%,-0.52%,-0.57%,0.26%,1.66%,2.34%,2.15%,1.13%,0.91%,1.29%,3.24%,7.09%,6.69%,6.69%
19,2019-04-22,24.99500084,25.20999908,25.23500061,25.23500061,25.23500061,25.23500061,25.23500061,25.23500061,25.23500061,25.23500061,25.23500061,25.23500061,25.23500061,25.23500061,25.23500061,1,1,1,1,1,1,1,1,1,1,1,1,1,1,0.86%,0.96%,0.96%,0.96%,0.96%,0.96%,0.96%,0.96%,0.96%,0.96%,0.96%,0.96%,0.96%,0.96%
20,2019-03-25,87.08999634,88.19000244,88.11000061,88.08999634,88.59999847,89.55000305,89.63999939,90.12000275,90.01999664,90.33000183,90.43000031,91.33000183,92.04000092,92.16000366,92.16000366,1,1,1,1,1,1,1,1,1,1,1,1,1,1,1.26%,1.17%,1.15%,1.73%,2.82%,2.93%,3.48%,3.36%,3.72%,3.84%,4.87%,5.68%,5.82%,5.82%
21,2019-03-25,50.36999893,50.40000153,50.40000153,50.40999985,50.29999924,50.29999924,50.29999924,50.29999924,50.31000137,50.31000137,50.31999969,50.36000061,50.38999939,50.40999985,50.40999985,1,1,1,0,0,0,0,0,0,0,0,1,1,1,0.06%,0.06%,0.08%,-0.14%,-0.14%,-0.14%,-0.14%,-0.12%,-0.12%,-0.10%,-0.02%,0.04%,0.08%,0.08%
22,2019-03-25,25.19000053,25.20999908,25.28000069,25.27000046,25.23999977,25.12999916,25.10000038,25.04999924,25.05999947,25.06999969,25.05999947,25,25.01000023,25.06999969,25.06999969,1,1,1,1,0,0,0,0,0,0,0,0,0,0,0.08%,0.36%,0.32%,0.20%,-0.24%,-0.36%,-0.56%,-0.52%,-0.48%,-0.52%,-0.75%,-0.71%,-0.48%,-0.48%
23,2019-03-25,48.40000153,48.93999863,48.84000015,48.79999924,49.11999893,49.68999863,49.72000122,50.06999969,50.02999878,50.29999924,50.27999878,50.68000031,50.93000031,51.02999878,51.02999878,1,1,1,1,1,1,1,1,1,1,1,1,1,1,1.12%,0.91%,0.83%,1.49%,2.67%,2.73%,3.45%,3.37%,3.93%,3.88%,4.71%,5.23%,5.43%,5.43%
24,2019-03-25,62.65000153,62.66999817,62.81000137,62.79999924,62.79999924,62.61000061,62.56999969,62.5,62.45999908,62.47999954,62.5,62.54000092,62.65000153,62.77000046,62.77000046,1,1,1,1,0,0,0,0,0,0,0,0,1,1,0.03%,0.26%,0.24%,0.24%,-0.06%,-0.13%,-0.24%,-0.30%,-0.27%,-0.24%,-0.18%,0.00%,0.19%,0.19%
25,2019-03-25,48.33200073,48.49200058,48.59000015,48.58000183,48.70000076,48.47999954,48.43999863,48.52999878,48.52500153,48.61999893,48.66999817,48.93000031,40.86999893,40.84999847,40.84999847,1,1,1,1,1,1,1,1,1,1,1,0,0,0,0.33%,0.53%,0.51%,0.76%,0.31%,0.22%,0.41%,0.40%,0.60%,0.70%,1.24%,-15.44%,-15.48%,-15.48%
26,2019-03-25,42.84000015,43.15000153,43.36000061,43.43999863,43.5,43.63000107,43.63000107,43.56999969,43.65000153,43.74000168,43.84999847,43.84000015,44.09000015,44.45000076,44.45000076,1,1,1,1,1,1,1,1,1,1,1,1,1,1,0.72%,1.21%,1.40%,1.54%,1.84%,1.84%,1.70%,1.89%,2.10%,2.36%,2.33%,2.92%,3.76%,3.76%
27,2019-03-25,71.45999908,72.16000366,72,71.87999725,72.01999664,72.38999939,72.23000336,72.51999664,72.18000031,72.15000153,72.20999908,72.01000214,71.76000214,71.5,71.5,1,1,1,1,1,1,1,1,1,1,1,1,1,1,0.98%,0.76%,0.59%,0.78%,1.30%,1.08%,1.48%,1.01%,0.97%,1.05%,0.77%,0.42%,0.06%,0.06%
28,2019-03-25,45.86000061,46.5,46.41999817,46.34000015,46.65999985,47.22000122,47.15999985,47.36000061,47.41999817,47.70000076,47.84000015,48.18999863,48.34000015,48.40000153,48.40000153,1,1,1,1,1,1,1,1,1,1,1,1,1,1,1.40%,1.22%,1.05%,1.74%,2.97%,2.83%,3.27%,3.40%,4.01%,4.32%,5.08%,5.41%,5.54%,5.54%
29,2019-03-25,45.09999847,45.91999817,45.88000107,45.52000046,45.54000092,46.08000183,45.77999878,46.11000061,45.95999908,46,45.90000153,45.77999878,46.06000137,45.59999847,45.59999847,1,1,1,1,1,1,1,1,1,1,1,1,1,1,1.82%,1.73%,0.93%,0.98%,2.17%,1.51%,2.24%,1.91%,2.00%,1.77%,1.51%,2.13%,1.11%,1.11%
30,2019-03-25,46.74000168,47.08000183,47.18000031,46.95999908,47.18000031,47.77000046,47.93999863,48.40000153,48.24000168,48.33000183,48.47999954,48.72000122,48.79999924,48.63999939,48.63999939,1,1,1,1,1,1,1,1,1,1,1,1,1,1,0.73%,0.94%,0.47%,0.94%,2.20%,2.57%,3.55%,3.21%,3.40%,3.72%,4.24%,4.41%,4.07%,4.07%
31,2019-03-25,50.81000137,50.86999893,50.88000107,50.90000153,50.90999985,50.79999924,50.79999924,50.84000015,50.84000015,50.83000183,50.86000061,50.88999939,50.93000031,50.91999817,50.91999817,1,1,1,1,0,0,1,1,1,1,1,1,1,1,0.12%,0.14%,0.18%,0.20%,-0.02%,-0.02%,0.06%,0.06%,0.04%,0.10%,0.16%,0.24%,0.22%,0.22%
32,2019-03-25,30.96999931,31.18000031,31.09000015,30.86000061,30.97999954,31.18000031,31.29000092,31.63999939,31.61000061,31.54999924,31.54999924,31.95999908,31.88999939,31.70000076,31.70000076,1,1,0,1,1,1,1,1,1,1,1,1,1,1,0.68%,0.39%,-0.36%,0.03%,0.68%,1.03%,2.16%,2.07%,1.87%,1.87%,3.20%,2.97%,2.36%,2.36%
33,2019-03-25,76.41999817,77.23000336,77.36000061,77.19000244,77.45999908,78.26999664,78.26999664,78.95999908,78.62000275,78.79000092,78.91000366,79.12999725,79.48999786,79.54000092,79.54000092,1,1,1,1,1,1,1,1,1,1,1,1,1,1,1.06%,1.23%,1.01%,1.36%,2.42%,2.42%,3.32%,2.88%,3.10%,3.26%,3.55%,4.02%,4.08%,4.08%
34,2019-03-25,66.18000031,66.98000336,67.04000092,67.37999725,67.81999969,68.40000153,68.37999725,68.30999756,68.33999634,68.68000031,68.66999817,68.79000092,68.87000275,68.91999817,68.91999817,1,1,1,1,1,1,1,1,1,1,1,1,1,1,1.21%,1.30%,1.81%,2.48%,3.35%,3.32%,3.22%,3.26%,3.78%,3.76%,3.94%,4.06%,4.14%,4.14%
35,2019-03-25,57.84999847,58.15999985,58.09000015,57.77000046,58.02500153,58.41500092,58.51499939,58.90000153,58.81000137,58.81000137,58.84999847,59.13000107,59.34999847,59.50999832,59.50999832,1,1,0,1,1,1,1,1,1,1,1,1,1,1,0.54%,0.41%,-0.14%,0.30%,0.98%,1.15%,1.82%,1.66%,1.66%,1.73%,2.21%,2.59%,2.87%,2.87%
36,2019-03-25,29.46999931,29.86000061,29.98999977,29.87999916,29.73999977,30.12000084,30.29999924,30.38999939,30.45000076,30.42000008,30.48999977,30.93000031,30.79000092,30.88999939,30.88999939,1,1,1,1,1,1,1,1,1,1,1,1,1,1,1.32%,1.76%,1.39%,0.92%,2.21%,2.82%,3.12%,3.33%,3.22%,3.46%,4.95%,4.48%,4.82%,4.82%
37,2019-03-25,30.54999924,30.96999931,30.97999954,30.85000038,31.32999992,32.11999893,32.22000122,32.66999817,32.45000076,32.66999817,32.97000122,32.70000076,32.18999863,31.86000061,31.86000061,1,1,1,1,1,1,1,1,1,1,1,1,1,1,1.37%,1.41%,0.98%,2.55%,5.14%,5.47%,6.94%,6.22%,6.94%,7.92%,7.04%,5.37%,4.29%,4.29%
38,2019-03-25,16.37999916,16.68000031,16.69000053,16.54000092,16.78000069,17.02000046,17.02000046,17.02000046,17.05999947,17.11000061,17.09000015,17.20000076,16.86000061,16.87999916,16.87999916,1,1,1,1,1,1,1,1,1,1,1,1,1,1,1.83%,1.89%,0.98%,2.44%,3.91%,3.91%,3.91%,4.15%,4.46%,4.33%,5.01%,2.93%,3.05%,3.05%
39,2019-03-25,49.77999878,50.09999847,49.79999924,50.13999939,50.56000137,51.24000168,51.29999924,51.79999924,51.43999863,51.38000107,51.45999908,51.5,51.79999924,51.56000137,51.56000137,1,1,1,1,1,1,1,1,1,1,1,1,1,1,0.64%,0.04%,0.72%,1.57%,2.93%,3.05%,4.06%,3.33%,3.21%,3.37%,3.46%,4.06%,3.58%,3.58%
40,2019-03-25,29.02000046,29.34000015,29.28800011,29.23999977,29.39999962,29.75399971,29.79000092,29.92000008,29.88999939,30.01000023,30.03000069,30.19499969,30.47500038,30.47999954,30.47999954,1,1,1,1,1,1,1,1,1,1,1,1,1,1,1.10%,0.92%,0.76%,1.31%,2.53%,2.65%,3.10%,3.00%,3.41%,3.48%,4.05%,5.01%,5.03%,5.03%
41,2019-03-25,28.625,28.45999908,28.45899963,28.48999977,29.54500008,30.45499992,30.29999924,30.70599937,31.05999947,31.32999992,31.09000015,30.55999947,30.70000076,30.62000084,30.62000084,0,0,0,1,1,1,1,1,1,1,1,1,1,1,-0.58%,-0.58%,-0.47%,3.21%,6.39%,5.85%,7.27%,8.51%,9.45%,8.61%,6.76%,7.25%,6.97%,6.97%
42,2019-03-25,47.43999863,47.93999863,47.81999969,47.81999969,48.15999985,48.45999908,48.5,48.74000168,48.59999847,48.68000031,49,49.29999924,49.59999847,49.45999908,49.45999908,1,1,1,1,1,1,1,1,1,1,1,1,1,1,1.05%,0.80%,0.80%,1.52%,2.15%,2.23%,2.74%,2.45%,2.61%,3.29%,3.92%,4.55%,4.26%,4.26%
43,2019-03-25,27.81500053,28.13999939,28.07999992,28.02799988,28.15999985,28.65099907,28.70599937,29.20000076,29.04899979,29.25,29.20000076,29.39800072,29.63899994,29.39999962,29.39999962,1,1,1,1,1,1,1,1,1,1,1,1,1,1,1.17%,0.95%,0.77%,1.24%,3.01%,3.20%,4.98%,4.44%,5.16%,4.98%,5.69%,6.56%,5.70%,5.70%
44,2019-03-25,31.12000084,31.69000053,31.62999916,31.40999985,31.87999916,31.80999947,31.86000061,31.75,31.56999969,32.08000183,32.36000061,32.29999924,32.58000183,32.58000183,32.58000183,1,1,1,1,1,1,1,1,1,1,1,1,1,1,1.83%,1.64%,0.93%,2.44%,2.22%,2.38%,2.02%,1.45%,3.08%,3.98%,3.79%,4.69%,4.69%,4.69%
45,2019-03-25,48.54999924,49.18999863,48.84999847,48.77000046,48.97999954,49.61000061,49.70000076,50.04000092,49.93999863,50.09999847,50.04999924,50.29999924,50.43000031,50.20999908,50.20999908,1,1,1,1,1,1,1,1,1,1,1,1,1,1,1.32%,0.62%,0.45%,0.89%,2.18%,2.37%,3.07%,2.86%,3.19%,3.09%,3.60%,3.87%,3.42%,3.42%
46,2019-03-25,21.54000092,21.76000023,21.75200081,21.54000092,22.15399933,22.70000076,22.53000069,22.94000053,22.88699913,22.81200027,22.85899925,23.30599976,23.10000038,23.06999969,23.06999969,1,1,0,1,1,1,1,1,1,1,1,1,1,1,1.02%,0.98%,0.00%,2.85%,5.39%,4.60%,6.50%,6.25%,5.91%,6.12%,8.20%,7.24%,7.10%,7.10%
47,2019-03-25,88.56999969,89.36000061,89.29000092,89.15000153,89.55999756,89.87999725,89.55999756,89.88999939,89.51000214,89.68000031,89.58999634,89.66999817,89.37000275,89.40000153,89.40000153,1,1,1,1,1,1,1,1,1,1,1,1,1,1,0.89%,0.81%,0.65%,1.12%,1.48%,1.12%,1.49%,1.06%,1.25%,1.15%,1.24%,0.90%,0.94%,0.94%
48,2019-03-25,50.31000137,50.31999969,50.33000183,50.33000183,50.31999969,50.20000076,50.22000122,50.22000122,50.22000122,50.22000122,50.22000122,50.25999832,50.29000092,50.29999924,50.29999924,1,1,1,1,0,0,0,0,0,0,0,0,0,0,0.02%,0.04%,0.04%,0.02%,-0.22%,-0.18%,-0.18%,-0.18%,-0.18%,-0.18%,-0.10%,-0.04%,-0.02%,-0.02%
49,2019-03-25,50.20999908,50.22999954,50.24000168,50.25,50.24000168,50.11999893,50.13000107,50.13000107,50.13999939,50.15000153,50.15000153,50.18000031,50.22000122,50.22999954,50.22999954,1,1,1,1,0,0,0,0,0,0,0,1,1,1,0.04%,0.06%,0.08%,0.06%,-0.18%,-0.16%,-0.16%,-0.14%,-0.12%,-0.12%,-0.06%,0.02%,0.04%,0.04%
50,2019-03-25,25.97900009,26.10000038,26.14900017,26.18000031,26.29599953,26.56100082,26.4640007,26.61300087,26.70000076,26.96699905,26.88299942,27.10000038,26.92000008,27.0189991,27.0189991,1,1,1,1,1,1,1,1,1,1,1,1,1,1,0.47%,0.65%,0.77%,1.22%,2.24%,1.87%,2.44%,2.78%,3.80%,3.48%,4.32%,3.62%,4.00%,4.00%
51,2019-03-25,39.15000153,39.72999954,39.90000153,40.38999939,40.65999985,40.93999863,41.06000137,40.97999954,40.61000061,40.79999924,40.40999985,40.65999985,39.75999832,39.91999817,39.91999817,1,1,1,1,1,1,1,1,1,1,1,1,1,1,1.48%,1.92%,3.17%,3.86%,4.57%,4.88%,4.67%,3.73%,4.21%,3.22%,3.86%,1.56%,1.97%,1.97%
52,2019-03-25,48.70999908,48.75999832,48.86999893,48.86999893,48.81999969,48.66999817,48.68000031,48.65000153,48.61999893,48.63000107,48.63999939,48.70000076,48.70999908,48.84999847,48.84999847,1,1,1,1,0,0,0,0,0,0,0,0,1,1,0.10%,0.33%,0.33%,0.23%,-0.08%,-0.06%,-0.12%,-0.18%,-0.16%,-0.14%,-0.02%,0.00%,0.29%,0.29%
53,2019-03-25,49.0929985,49.18999863,49.17499924,49.24499893,49.34999847,49.22000122,49.20999908,49.31000137,49.34000015,49.47000122,49.44400024,49.81000137,49.88000107,49.84999847,49.84999847,1,1,1,1,1,1,1,1,1,1,1,1,1,1,0.20%,0.17%,0.31%,0.52%,0.26%,0.24%,0.44%,0.50%,0.77%,0.71%,1.46%,1.60%,1.54%,1.54%
54,2019-03-25,97.83999634,98.98000336,98.69499969,98.81500244,99.87999725,102.1849976,102.2350006,101.7900009,102.0500031,102.2549973,101.2450027,102.5500031,104.9250031,105.1800003,105.1800003,1,1,1,1,1,1,1,1,1,1,1,1,1,1,1.17%,0.87%,1.00%,2.09%,4.44%,4.49%,4.04%,4.30%,4.51%,3.48%,4.81%,7.24%,7.50%,7.50%
55,2019-03-25,28.5,28.8220005,28.81900024,28.76000023,28.93000031,29.39800072,29.37000084,29.67000008,29.70999908,29.93000031,29.95000076,29.98999977,29.88999939,29.92399979,29.92399979,1,1,1,1,1,1,1,1,1,1,1,1,1,1,1.13%,1.12%,0.91%,1.51%,3.15%,3.05%,4.11%,4.25%,5.02%,5.09%,5.23%,4.88%,5.00%,5.00%
56,2019-03-25,107.7249985,109.8850021,109.8000031,108.4300003,109.9250031,112.5,114.1050034,113.9499969,114.0999985,115.3249969,119.5999985,116.3000031,121.0999985,122.7249985,122.7249985,1,1,1,1,1,1,1,1,1,1,1,1,1,1,2.01%,1.93%,0.65%,2.04%,4.43%,5.92%,5.78%,5.92%,7.05%,11.02%,7.96%,12.42%,13.92%,13.92%
57,2019-03-25,51.04999924,51.02000046,50.97999954,51,51.08000183,51.04999924,50.95000076,50.81000137,50.84000015,50.90000153,50.86999893,50.86000061,51.15999985,51.15999985,51.15999985,0,0,0,1,0,0,0,0,0,0,0,1,1,1,-0.06%,-0.14%,-0.10%,0.06%,0.00%,-0.20%,-0.47%,-0.41%,-0.29%,-0.35%,-0.37%,0.22%,0.22%,0.22%
58,2019-03-25,55.09999847,55.52999878,55.63499832,55.75,55.82500076,55.70000076,56.09000015,56.13999939,55.93999863,56.14500046,56.04499817,56.27999878,54.74499893,55.24000168,55.24000168,1,1,1,1,1,1,1,1,1,1,1,0,1,1,0.78%,0.97%,1.18%,1.32%,1.09%,1.80%,1.89%,1.52%,1.90%,1.72%,2.14%,-0.64%,0.25%,0.25%
59,2019-03-25,9.56000042,9.590000153,9.590000153,9.43999958,9.399999619,9.270000458,9.029999733,9.090000153,9.069999695,9.119999886,9.210000038,8.850000381,8.329999924,8.399999619,8.399999619,1,1,0,0,0,0,0,0,0,0,0,0,0,0,0.31%,0.31%,-1.26%,-1.67%,-3.03%,-5.54%,-4.92%,-5.13%,-4.60%,-3.66%,-7.43%,-12.87%,-12.13%,-12.13%
60,2019-03-25,50.38000107,50.38000107,50.38999939,50.4090004,50.33000183,50.34000015,50.34000015,50.34000015,50.36000061,50.36999893,50.34999847,50.36000061,50.36999893,50.375,50.375,0,1,1,0,0,0,0,0,0,0,0,0,0,0,0.00%,0.02%,0.06%,-0.10%,-0.08%,-0.08%,-0.08%,-0.04%,-0.02%,-0.06%,-0.04%,-0.02%,-0.01%,-0.01%
61,2019-03-25,57.38000107,59,58.84999847,58.54000092,59.38999939,59.08000183,59.02999878,58.5,57.88000107,59.45000076,60.22000122,61.72999954,63.06000137,63.22000122,63.22000122,1,1,1,1,1,1,1,1,1,1,1,1,1,1,2.82%,2.56%,2.02%,3.50%,2.96%,2.88%,1.95%,0.87%,3.61%,4.95%,7.58%,9.90%,10.18%,10.18%
62,2019-03-25,58.90000153,59.13000107,58.75999832,58.90999985,59.34999847,59.63000107,59.61999893,59.95999908,59.88000107,60.08000183,59.91999817,59.97000122,60.02000046,59.88000107,59.88000107,1,0,1,1,1,1,1,1,1,1,1,1,1,1,0.39%,-0.24%,0.02%,0.76%,1.24%,1.22%,1.80%,1.66%,2.00%,1.73%,1.82%,1.90%,1.66%,1.66%
63,2019-03-25,40.38000107,40.4129982,40.40000153,40.45000076,40.38000107,40.40000153,40.40000153,40.40299988,40.40000153,40.4280014,40.43500137,40.49499893,40.45000076,40.45000076,40.45000076,1,1,1,0,1,1,1,1,1,1,1,1,1,1,0.08%,0.05%,0.17%,0.00%,0.05%,0.05%,0.06%,0.05%,0.12%,0.14%,0.28%,0.17%,0.17%,0.17%
64,2019-03-25,50.41999817,50.43000031,50.77999878,50.45999908,51,50.3370018,50.36999893,50.36000061,50.36999893,50.36700058,50.38999939,50.34000015,50.40000153,50.43000031,50.43000031,1,1,1,1,0,0,0,0,0,0,0,0,1,1,0.02%,0.71%,0.08%,1.15%,-0.16%,-0.10%,-0.12%,-0.10%,-0.11%,-0.06%,-0.16%,-0.04%,0.02%,0.02%
65,2019-03-25,179.8899994,182.0700073,184.0099945,185.8000031,188.1699982,191.7200012,192.3999939,193.5899963,193.1399994,193.7799988,193.4100037,196.4499969,198.2700043,200.4199982,200.4199982,1,1,1,1,1,1,1,1,1,1,1,1,1,1,1.21%,2.29%,3.29%,4.60%,6.58%,6.95%,7.62%,7.37%,7.72%,7.52%,9.21%,10.22%,11.41%,11.41%
66,2019-03-25,53.36999893,53.41999817,53.51399994,53.52000046,53.49000168,53.24000168,53.22000122,53.38999939,53.16999817,53.13999939,53.15999985,53.06999969,53.11000061,53.31000137,53.31000137,1,1,1,1,0,0,1,0,0,0,0,0,0,0,0.09%,0.27%,0.28%,0.22%,-0.24%,-0.28%,0.04%,-0.37%,-0.43%,-0.39%,-0.56%,-0.49%,-0.11%,-0.11%
67,2019-03-25,50.30799866,50.77999878,50.72999954,50.70000076,50.9620018,51.5870018,51.58599854,51.88000107,51.81999969,52.00099945,52.08000183,52.36000061,52.83300018,52.84999847,52.84999847,1,1,1,1,1,1,1,1,1,1,1,1,1,1,0.94%,0.84%,0.78%,1.30%,2.54%,2.54%,3.12%,3.01%,3.37%,3.52%,4.08%,5.02%,5.05%,5.05%
68,2019-03-25,28.44000053,28.75,28.77000046,28.79000092,28.87999916,29.26000023,29.29999924,29.52000046,29.47999954,29.56999969,29.5,29.61000061,29.90999985,29.81999969,29.81999969,1,1,1,1,1,1,1,1,1,1,1,1,1,1,1.09%,1.16%,1.23%,1.55%,2.88%,3.02%,3.80%,3.66%,3.97%,3.73%,4.11%,5.17%,4.85%,4.85%
69,2019-03-25,20.52400017,20.71299934,20.62000084,20.70000076,20.88899994,21.06100082,21.09600067,21.25,21.11000061,21.25900078,21.25600052,21.45999908,21.45999908,21.48999977,21.48999977,1,1,1,1,1,1,1,1,1,1,1,1,1,1,0.92%,0.47%,0.86%,1.78%,2.62%,2.79%,3.54%,2.86%,3.58%,3.57%,4.56%,4.56%,4.71%,4.71%
70,2019-03-25,23.93199921,24.17300034,24.00499916,23.89999962,24.14999962,24.44599915,24.45000076,24.79999924,24.62999916,24.51000023,24.45000076,24.81999969,25.22500038,25.25,25.25,1,1,0,1,1,1,1,1,1,1,1,1,1,1,1.01%,0.31%,-0.13%,0.91%,2.15%,2.16%,3.63%,2.92%,2.42%,2.16%,3.71%,5.40%,5.51%,5.51%
71,2019-03-25,20.63500023,20.60000038,20.74900055,20.51000023,20.5,20.31999969,20.20000076,20.14999962,20.13999939,20.07999992,20.06999969,19.93799973,19.83200073,19.96999931,19.96999931,0,1,0,0,0,0,0,0,0,0,0,0,0,0,-0.17%,0.55%,-0.61%,-0.65%,-1.53%,-2.11%,-2.35%,-2.40%,-2.69%,-2.74%,-3.38%,-3.89%,-3.22%,-3.22%
72,2019-03-25,25.29000092,25.45000076,25.07999992,25.05999947,25.30999947,25.43000031,25.46999931,25.88999939,25.56999969,25.71999931,26.02000046,26.22999954,26.21999931,26.05999947,26.05999947,1,0,0,1,1,1,1,1,1,1,1,1,1,1,0.63%,-0.83%,-0.91%,0.08%,0.55%,0.71%,2.37%,1.11%,1.70%,2.89%,3.72%,3.68%,3.04%,3.04%
73,2019-03-25,28.37800026,28.68000031,28.48999977,28.68499947,28.80999947,29.0739994,29.03000069,29.13999939,29.07699966,29.20800018,29.23999977,29.39999962,29.65999985,29.72999954,29.72999954,1,1,1,1,1,1,1,1,1,1,1,1,1,1,1.06%,0.39%,1.08%,1.52%,2.45%,2.30%,2.69%,2.46%,2.92%,3.04%,3.60%,4.52%,4.76%,4.76%
74,2019-04-01,25.25,25.25,25.29000092,25.29999924,25.37000084,25.38999939,25.31999969,25.32999992,25.35000038,25.43799973,25.40999985,25.54999924,25.55999947,25.55999947,25.55999947,0,1,1,1,1,1,1,1,1,1,1,1,1,1,0.00%,0.16%,0.20%,0.48%,0.55%,0.28%,0.32%,0.40%,0.74%,0.63%,1.19%,1.23%,1.23%,1.23%
75,2019-03-25,21.27499962,21.65500069,21.70999908,21.69499969,21.94799995,22,22.36000061,22.47200012,22.10000038,22.01199913,22.14100075,22.43000031,22.69499969,22.54000092,22.54000092,1,1,1,1,1,1,1,1,1,1,1,1,1,1,1.79%,2.04%,1.97%,3.16%,3.41%,5.10%,5.63%,3.88%,3.46%,4.07%,5.43%,6.67%,5.95%,5.95%
76,2019-03-25,28.17000008,28.54000092,28.46500015,28.65999985,28.84000015,29.10000038,29.07999992,29.29000092,29.34000015,29.57999992,29.57999992,29.68000031,29.81999969,29.93000031,29.93000031,1,1,1,1,1,1,1,1,1,1,1,1,1,1,1.31%,1.05%,1.74%,2.38%,3.30%,3.23%,3.98%,4.15%,5.01%,5.01%,5.36%,5.86%,6.25%,6.25%
77,2019-03-25,44.5,44.89400101,44.88000107,44.95000076,45.22000122,45.74000168,45.86999893,45.97999954,45.88100052,46.15999985,46.27000046,46.52099991,46.66999817,46.84000015,46.84000015,1,1,1,1,1,1,1,1,1,1,1,1,1,1,0.89%,0.85%,1.01%,1.62%,2.79%,3.08%,3.33%,3.10%,3.73%,3.98%,4.54%,4.88%,5.26%,5.26%
78,2019-03-25,25.85899925,26.10000038,26.20999908,26.25900078,26.42000008,26.68899918,26.67000008,26.95999908,26.87999916,27.08099937,27.10000038,27.22999954,27.23999977,27.32999992,27.32999992,1,1,1,1,1,1,1,1,1,1,1,1,1,1,0.93%,1.36%,1.55%,2.17%,3.21%,3.14%,4.26%,3.95%,4.73%,4.80%,5.30%,5.34%,5.69%,5.69%
79,2019-03-25,73.87999725,74.12000275,74.01000214,73.98000336,74.16000366,74.12000275,74.12999725,74.37999725,74.40000153,74.44999695,74.56999969,75.13999939,75.25,75.31999969,75.31999969,1,1,1,1,1,1,1,1,1,1,1,1,1,1,0.32%,0.18%,0.14%,0.38%,0.32%,0.34%,0.68%,0.70%,0.77%,0.93%,1.71%,1.85%,1.95%,1.95%
80,2019-03-25,26.05800056,26.18000031,26.11000061,26.06999969,26.15999985,26.13999939,26.14999962,26.13699913,26.14999962,26.25,26.17399979,26.42000008,26.36000061,26.37000084,26.37000084,1,1,1,1,1,1,1,1,1,1,1,1,1,1,0.47%,0.20%,0.05%,0.39%,0.31%,0.35%,0.30%,0.35%,0.74%,0.45%,1.39%,1.16%,1.20%,1.20%
81,2019-03-25,12.80000019,12.82999992,12.81000042,12.84000015,12.84000015,12.85999966,12.85999966,12.96000004,12.88799953,12.89599991,12.89500046,12.92000008,12.93999958,13.02000046,13.02000046,1,1,1,1,1,1,1,1,1,1,1,1,1,1,0.23%,0.08%,0.31%,0.31%,0.47%,0.47%,1.25%,0.69%,0.75%,0.74%,0.94%,1.09%,1.72%,1.72%
82,2019-03-25,41.58000183,42.02999878,42.11000061,42.33000183,42.50999832,42.84199905,42.63999939,42.75,42.78499985,42.95999908,43.04000092,43.00999832,42.98799896,43.06000137,43.06000137,1,1,1,1,1,1,1,1,1,1,1,1,1,1,1.08%,1.27%,1.80%,2.24%,3.04%,2.55%,2.81%,2.90%,3.32%,3.51%,3.44%,3.39%,3.56%,3.56%
83,2019-03-25,24.69000053,25.04000092,24.94000053,25.20999908,25.37999916,25.52000046,25.38999939,25.55999947,25.61000061,25.73800087,25.70999908,25.63999939,25.76000023,26.05999947,26.05999947,1,1,1,1,1,1,1,1,1,1,1,1,1,1,1.42%,1.01%,2.11%,2.79%,3.36%,2.84%,3.52%,3.73%,4.24%,4.13%,3.85%,4.33%,5.55%,5.55%
84,2019-03-25,46.68999863,46.75999832,46.56000137,46.52999878,46.79000092,46.75999832,46.72000122,46.81000137,46.86000061,46.77000046,46.72999954,46.45999908,46.59000015,46.56000137,46.56000137,1,0,0,1,1,1,1,1,1,1,0,0,0,0,0.15%,-0.28%,-0.34%,0.21%,0.15%,0.06%,0.26%,0.36%,0.17%,0.09%,-0.49%,-0.21%,-0.28%,-0.28%
85,2019-03-25,26.24099922,26.57999992,26.48999977,26.53000069,26.67000008,27.03000069,27,27.14999962,27.15999985,27.29500008,27.34000015,27.54999924,27.91900063,27.92000008,27.92000008,1,1,1,1,1,1,1,1,1,1,1,1,1,1,1.29%,0.95%,1.10%,1.63%,3.01%,2.89%,3.46%,3.50%,4.02%,4.19%,4.99%,6.39%,6.40%,6.40%
86,2019-03-25,39.43000031,39.81000137,39.81999969,39.90000153,40.27000046,40.45000076,40.40000153,40.45000076,40.18999863,40.61999893,40.29999924,40.54999924,40.02000046,40.20999908,40.20999908,1,1,1,1,1,1,1,1,1,1,1,1,1,1,0.96%,0.99%,1.19%,2.13%,2.59%,2.46%,2.59%,1.93%,3.02%,2.21%,2.84%,1.50%,1.98%,1.98%
87,2019-03-25,20.21999931,20.23999977,20.36000061,20.34000015,20.30999947,20.27000046,20.23999977,20.20999908,20.19000053,20.20000076,20.20999908,20.26000023,20.28000069,20.36000061,20.36000061,1,1,1,1,1,1,0,0,0,0,1,1,1,1,0.10%,0.69%,0.59%,0.45%,0.25%,0.10%,-0.05%,-0.15%,-0.10%,-0.05%,0.20%,0.30%,0.69%,0.69%
88,2019-03-25,30.73500061,30.69000053,30.63999939,30.62000084,30.63999939,31.12000084,31.04999924,31.29000092,31.20999908,31.22999954,31.32999992,31.42000008,31.56999969,31.42200089,31.42200089,0,0,0,0,1,1,1,1,1,1,1,1,1,1,-0.15%,-0.31%,-0.37%,-0.31%,1.25%,1.02%,1.81%,1.55%,1.61%,1.94%,2.23%,2.72%,2.24%,2.24%
89,2019-03-25,25.32299995,25.23500061,25.25600052,25.18199921,25.08200073,25.12800026,25.15999985,25.08200073,25.12999916,25.15500069,25.13500023,25.36499977,25.36000061,25.46999931,25.46999931,0,0,0,0,0,0,0,0,0,0,1,1,1,1,-0.35%,-0.26%,-0.56%,-0.95%,-0.77%,-0.64%,-0.95%,-0.76%,-0.66%,-0.74%,0.17%,0.15%,0.58%,0.58%
90,2019-03-25,21.13500023,21.38999939,21.28000069,21.20000076,21.34000015,21.58600044,21.64999962,21.84199905,21.80999947,21.86000061,21.87999916,22,22.37999916,22.43000031,22.43000031,1,1,1,1,1,1,1,1,1,1,1,1,1,1,1.21%,0.69%,0.31%,0.97%,2.13%,2.44%,3.35%,3.19%,3.43%,3.52%,4.09%,5.89%,6.13%,6.13%
91,2019-03-25,48.65999985,48.83000183,48.77999878,48.81999969,48.86000061,48.84000015,48.77999878,48.88999939,49.04000092,48.91999817,48.99000168,49.31000137,49.24000168,49.15999985,49.15999985,1,1,1,1,1,1,1,1,1,1,1,1,1,1,0.35%,0.25%,0.33%,0.41%,0.37%,0.25%,0.47%,0.78%,0.53%,0.68%,1.34%,1.19%,1.03%,1.03%
92,2019-03-25,42.41999817,42.61000061,42.43999863,42.38600159,42.83000183,43.38600159,43.36299896,43.84999847,43.65499878,43.86999893,43.84000015,43.81000137,43.54999924,43.20000076,43.20000076,1,1,0,1,1,1,1,1,1,1,1,1,1,1,0.45%,0.05%,-0.08%,0.97%,2.28%,2.22%,3.37%,2.91%,3.42%,3.35%,3.28%,2.66%,1.84%,1.84%
93,2019-03-25,62.77999878,63.22000122,63.13000107,62.95999908,63.04999924,63.75,64.06999969,64.25,63.79000092,64.16999817,64.55000305,64.66999817,63.75,63.59999847,63.59999847,1,1,1,1,1,1,1,1,1,1,1,1,1,1,0.70%,0.56%,0.29%,0.43%,1.55%,2.05%,2.34%,1.61%,2.21%,2.82%,3.01%,1.55%,1.31%,1.31%
94,2019-03-25,26.17900085,26.39100075,26.4640007,26.63899994,26.77700043,27.02000046,26.86000061,27,27.15999985,27.31999969,27.30599976,27.35700035,27.79500008,28.08499908,28.08499908,1,1,1,1,1,1,1,1,1,1,1,1,1,1,0.81%,1.09%,1.76%,2.28%,3.21%,2.60%,3.14%,3.75%,4.36%,4.30%,4.50%,6.17%,7.28%,7.28%
95,2019-03-25,43.29299927,43.68000031,43.77000046,43.95999908,44.22000122,44.62400055,44.61000061,44.97000122,44.93500137,45.25999832,45.27999878,45.38299942,45.59000015,45.76300049,45.76300049,1,1,1,1,1,1,1,1,1,1,1,1,1,1,0.89%,1.10%,1.54%,2.14%,3.07%,3.04%,3.87%,3.79%,4.54%,4.59%,4.83%,5.31%,5.71%,5.71%
96,2019-03-25,110.2399979,110.3700027,110.5599976,110.4199982,110.2900009,109.9300003,109.9400024,109.7900009,109.8499985,109.8700027,109.8700027,109.8199997,109.8700027,110.0999985,110.0999985,1,1,1,1,0,0,0,0,0,0,0,0,0,0,0.12%,0.29%,0.16%,0.05%,-0.28%,-0.27%,-0.41%,-0.35%,-0.34%,-0.34%,-0.38%,-0.34%,-0.13%,-0.13%
97,2019-03-25,28.86800003,29.13999939,29.13999939,29.20000076,29.29599953,29.64999962,29.61000061,29.67499924,29.67000008,29.81999969,29.81999969,29.97999954,29.94000053,29.97999954,29.97999954,1,1,1,1,1,1,1,1,1,1,1,1,1,1,0.94%,0.94%,1.15%,1.48%,2.71%,2.57%,2.80%,2.78%,3.30%,3.30%,3.85%,3.71%,3.85%,3.85%
98,2019-03-25,34.75999832,35.04000092,34.93000031,34.95999908,35.24000168,35.65999985,35.68000031,35.90999985,35.80899811,36.02999878,36.01399994,36.36000061,36.64300156,36.67499924,36.67499924,1,1,1,1,1,1,1,1,1,1,1,1,1,1,0.81%,0.49%,0.58%,1.38%,2.59%,2.65%,3.31%,3.02%,3.65%,3.61%,4.60%,5.42%,5.51%,5.51%
99,2019-03-25,28.5529995,28.78300095,28.5529995,28.74500084,28.77000046,28.70100021,28.95999908,29.03000069,28.85000038,28.9829998,28.86199951,28.97999954,28.43000031,28.69000053,28.69000053,1,0,1,1,1,1,1,1,1,1,1,0,1,1,0.81%,0.00%,0.67%,0.76%,0.52%,1.43%,1.67%,1.04%,1.51%,1.08%,1.50%,-0.43%,0.48%,0.48%
100,2019-03-25,55.34000015,56.02000046,56.13999939,56.34000015,56.54000092,56.88999939,56.90000153,56.99000168,57.2519989,57.54999924,57.52999878,58.14799881,58.17599869,58.59000015,58.59000015,1,1,1,1,1,1,1,1,1,1,1,1,1,1,1.23%,1.45%,1.81%,2.17%,2.80%,2.82%,2.98%,3.46%,3.99%,3.96%,5.07%,5.12%,5.87%,5.87%
101,2019-03-25,17.53000069,17.55999947,17.56999969,17.56999969,17.56999969,17.53000069,17.53000069,17.53000069,17.52000046,17.51000023,17.52000046,17.51000023,17.53000069,17.53000069,17.53000069,1,1,1,1,0,0,0,0,0,0,0,0,0,0,0.17%,0.23%,0.23%,0.23%,0.00%,0.00%,0.00%,-0.06%,-0.11%,-0.06%,-0.11%,0.00%,0.00%,0.00%
102,2019-03-25,49.79000092,49.79000092,49.79000092,49.79000092,49.86000061,49.68999863,49.68999863,49.81000137,49.81999969,49.86000061,49.84999847,49.83000183,49.93000031,49.93999863,49.93999863,0,0,0,1,0,0,1,1,1,1,1,1,1,1,0.00%,0.00%,0.00%,0.14%,-0.20%,-0.20%,0.04%,0.06%,0.14%,0.12%,0.08%,0.28%,0.30%,0.30%
103,2019-03-25,28.42300034,28.63999939,28.54999924,28.54999924,28.73999977,29.03499985,29.11100006,29.32900047,29.26199913,29.34000015,29.38999939,29.41900063,29.46199989,29.45000076,29.45000076,1,1,1,1,1,1,1,1,1,1,1,1,1,1,0.76%,0.45%,0.45%,1.12%,2.15%,2.42%,3.19%,2.95%,3.23%,3.40%,3.50%,3.66%,3.61%,3.61%
104,2019-04-01,25.18000031,25.22500038,25.27000046,25.27000046,25.35000038,25.36000061,25.32999992,25.28899956,25.32500076,25.38999939,25.51000023,25.50399971,25.5,25.5,25.5,1,1,1,1,1,1,1,1,1,1,1,1,1,1,0.18%,0.36%,0.36%,0.68%,0.71%,0.60%,0.43%,0.58%,0.83%,1.31%,1.29%,1.27%,1.27%,1.27%
105,2019-03-25,27.87899971,28.11000061,28.04000092,28.05900002,28.26199913,28.59000015,28.60000038,28.68000031,28.77000046,28.82999992,28.875,29.06500053,29.37299919,29.37299919,29.37299919,1,1,1,1,1,1,1,1,1,1,1,1,1,1,0.83%,0.58%,0.65%,1.37%,2.55%,2.59%,2.87%,3.20%,3.41%,3.57%,4.25%,5.36%,5.36%,5.36%
106,2019-03-25,24.7159996,24.78000069,24.81999969,24.78000069,24.76000023,24.66500092,24.68499947,24.66900063,24.65500069,24.68499947,24.70999908,24.68000031,24.66300011,24.66300011,24.66300011,1,1,1,1,0,0,0,0,0,0,0,0,0,0,0.26%,0.42%,0.26%,0.18%,-0.21%,-0.13%,-0.19%,-0.25%,-0.13%,-0.02%,-0.15%,-0.21%,-0.21%,-0.21%
107,2019-03-25,82.54699707,83.31400299,83.52999878,83.89199829,83.69999695,83.71800232,84.30999756,84.41999817,84.01000214,84.43599701,83.98999786,84.62000275,82.23000336,83.05000305,83.05000305,1,1,1,1,1,1,1,1,1,1,1,0,1,1,0.93%,1.19%,1.63%,1.40%,1.42%,2.14%,2.27%,1.77%,2.29%,1.75%,2.51%,-0.38%,0.61%,0.61%
108,2019-03-25,23.14500046,23.20999908,23.20100021,23.10899925,23.22200012,23.375,23.38699913,23.48999977,23.42000008,23.48500061,23.45000076,23.47599983,23.5,23.45999908,23.45999908,1,1,0,1,1,1,1,1,1,1,1,1,1,1,0.28%,0.24%,-0.16%,0.33%,0.99%,1.05%,1.49%,1.19%,1.47%,1.32%,1.43%,1.53%,1.36%,1.36%
109,2019-03-25,25.81500053,26.01000023,25.96999931,25.92000008,25.88599968,26.10000038,26.19000053,26.32999992,26.37000084,26.32099915,26.28000069,26.46999931,26.625,26.57999992,26.57999992,1,1,1,1,1,1,1,1,1,1,1,1,1,1,0.76%,0.60%,0.41%,0.28%,1.10%,1.45%,1.99%,2.15%,1.96%,1.80%,2.54%,3.14%,2.96%,2.96%
110,2019-03-25,77.72299957,78.44999695,78.62000275,79.12000275,79.41999817,80.31900024,80.40000153,80.77999878,80.95600128,81.40000153,81.35600281,81.88999939,82.09999847,82.48000336,82.48000336,1,1,1,1,1,1,1,1,1,1,1,1,1,1,0.94%,1.15%,1.80%,2.18%,3.34%,3.44%,3.93%,4.16%,4.73%,4.67%,5.36%,5.63%,6.12%,6.12%
111,2019-03-25,25.91699982,26.04999924,25.97999954,26.03000069,26.20999908,26.73800087,26.64999962,26.80999947,26.78000069,27,26.95000076,26.89100075,27.07999992,26.97999954,26.97999954,1,1,1,1,1,1,1,1,1,1,1,1,1,1,0.51%,0.24%,0.44%,1.13%,3.17%,2.83%,3.45%,3.33%,4.18%,3.99%,3.76%,4.49%,4.10%,4.10%
112,2019-03-25,19.55999947,19.76000023,19.59799957,19.70199966,19.89999962,20.1079998,20.14999962,20.37000084,20.17000008,20.29000092,20.27499962,20.33699989,20.31999969,20.32900047,20.32900047,1,1,1,1,1,1,1,1,1,1,1,1,1,1,1.02%,0.19%,0.73%,1.74%,2.80%,3.02%,4.14%,3.12%,3.73%,3.66%,3.97%,3.89%,3.93%,3.93%
113,2019-03-25,28.08200073,28.23999977,27.77599907,27.90999985,28.23200035,28.27000046,28.20999908,28.14100075,28.13699913,28.32099915,28.5,27.71999931,26.93000031,26.93499947,26.93499947,1,0,0,1,1,1,1,1,1,1,0,0,0,0,0.56%,-1.09%,-0.61%,0.53%,0.67%,0.46%,0.21%,0.20%,0.85%,1.49%,-1.29%,-4.10%,-4.08%,-4.08%
114,2019-03-25,26.92000008,27.20000076,27.06999969,27.10000038,27.29000092,27.56999969,27.54000092,27.59000015,27.62999916,27.72999954,27.76000023,27.84000015,28.04000092,28.04000092,28.04000092,1,1,1,1,1,1,1,1,1,1,1,1,1,1,1.04%,0.56%,0.67%,1.37%,2.41%,2.30%,2.49%,2.64%,3.01%,3.12%,3.42%,4.16%,4.16%,4.16%
115,2019-03-25,33.20999908,33.58000183,33.5909996,33.47999954,33.62900162,33.88000107,33.86000061,33.90999985,33.88000107,33.99900055,34.04999924,34.15999985,34.22299957,34.29000092,34.29000092,1,1,1,1,1,1,1,1,1,1,1,1,1,1,1.11%,1.15%,0.81%,1.26%,2.02%,1.96%,2.11%,2.02%,2.38%,2.53%,2.86%,3.05%,3.25%,3.25%
116,2019-03-25,22.19000053,22.04000092,22.29999924,22.28000069,21.88999939,21.47999954,21.55999947,21.53000069,21.39999962,21.31999969,21.37000084,21.21999931,21.09000015,21.14999962,21.14999962,0,1,1,0,0,0,0,0,0,0,0,0,0,0,-0.68%,0.50%,0.41%,-1.35%,-3.20%,-2.84%,-2.97%,-3.56%,-3.92%,-3.70%,-4.37%,-4.96%,-4.69%,-4.69%
117,2019-03-25,51.24499893,51.25400162,51.41699982,51.40499878,51.29499817,51.31999969,51.09000015,51.11500168,51.06000137,51.09000015,51.13999939,51.05500031,51.08499908,51.08499908,51.08499908,1,1,1,1,1,0,0,0,0,0,0,0,0,0,0.02%,0.34%,0.31%,0.10%,0.15%,-0.30%,-0.25%,-0.36%,-0.30%,-0.20%,-0.37%,-0.31%,-0.31%,-0.31%
118,2019-03-25,22.34000015,22.55800056,22.61000061,22.45000076,22.61700058,22.9829998,23.04899979,23.12999916,23.14999962,23.22699928,23.19000053,23.55500031,24.04999924,24.02499962,24.02499962,1,1,1,1,1,1,1,1,1,1,1,1,1,1,0.98%,1.21%,0.49%,1.24%,2.88%,3.17%,3.54%,3.63%,3.97%,3.80%,5.44%,7.65%,7.54%,7.54%
119,2019-04-01,25.27000046,25.29000092,25.37000084,25.37000084,25.46999931,25.51000023,25.45000076,25.44000053,25.45000076,25.56500053,25.63999939,25.75,25.73999977,25.73999977,25.73999977,1,1,1,1,1,1,1,1,1,1,1,1,1,1,0.08%,0.40%,0.40%,0.79%,0.95%,0.71%,0.67%,0.71%,1.17%,1.46%,1.90%,1.86%,1.86%,1.86%
120,2019-03-25,19.71500015,19.85000038,19.82999992,19.84000015,19.84900093,20.05999947,20.02000046,20.02499962,20.13299942,20.21100044,20.16900063,20.375,20.38800049,20.5,20.5,1,1,1,1,1,1,1,1,1,1,1,1,1,1,0.68%,0.58%,0.63%,0.68%,1.75%,1.55%,1.57%,2.12%,2.52%,2.30%,3.35%,3.41%,3.98%,3.98%
121,2019-03-25,50.22900009,50.41999817,50.43999863,50.47000122,50.40999985,50.47999954,50.52000046,50.5,50.49599838,50.59999847,50.61999893,50.90999985,50.87200165,50.84999847,50.84999847,1,1,1,1,1,1,1,1,1,1,1,1,1,1,0.38%,0.42%,0.48%,0.36%,0.50%,0.58%,0.54%,0.53%,0.74%,0.78%,1.36%,1.28%,1.24%,1.24%
122,2019-03-25,35.43000031,35.86000061,35.97999954,35.95000076,36.09999847,36.69599915,36.61999893,36.86299896,36.99000168,37.15999985,37.20000076,37.43999863,37.52999878,37.68000031,37.68000031,1,1,1,1,1,1,1,1,1,1,1,1,1,1,1.21%,1.55%,1.47%,1.89%,3.57%,3.36%,4.04%,4.40%,4.88%,5.00%,5.67%,5.93%,6.35%,6.35%
123,2019-03-25,25.25499916,25.47999954,25.30999947,25.34300041,25.43000031,25.59700012,25.59000015,25.65999985,25.64500046,25.70999908,25.80999947,25.71999931,25.88500023,25.82999992,25.82999992,1,1,1,1,1,1,1,1,1,1,1,1,1,1,0.89%,0.22%,0.35%,0.69%,1.35%,1.33%,1.60%,1.54%,1.80%,2.20%,1.84%,2.49%,2.28%,2.28%
124,2019-03-25,30.36000061,30.36000061,30.36000061,30.36000061,30.37000084,30.37999916,30.37000084,30.37000084,30.37000084,30.59000015,30.60000038,30.87999916,30.98999977,31.17000008,31.17000008,0,0,0,1,1,1,1,1,1,1,1,1,1,1,0.00%,0.00%,0.00%,0.03%,0.07%,0.03%,0.03%,0.03%,0.76%,0.79%,1.71%,2.08%,2.67%,2.67%
125,2019-03-25,30.70800018,31.05999947,30.90999985,31,31.30999947,31.75399971,31.79599953,32.15000153,32.04000092,32.16999817,32.10300064,32.45000076,32.40800095,32.58000183,32.58000183,1,1,1,1,1,1,1,1,1,1,1,1,1,1,1.15%,0.66%,0.95%,1.96%,3.41%,3.54%,4.70%,4.34%,4.76%,4.54%,5.67%,5.54%,6.10%,6.10%
126,2019-03-25,28.14599991,28.20899963,28.20299911,28.35899925,28.50600052,28.76399994,28.7140007,28.91699982,28.96500015,29.03100014,29.07500076,29.23699951,29.37999916,29.4279995,29.4279995,1,1,1,1,1,1,1,1,1,1,1,1,1,1,0.22%,0.20%,0.76%,1.28%,2.20%,2.02%,2.74%,2.91%,3.14%,3.30%,3.88%,4.38%,4.55%,4.55%
127,2019-03-25,31.71999931,32.11999893,32.25999832,32.27000046,32.38999939,32.50999832,32.34999847,32.46900177,32.47200012,32.81999969,32.70000076,32.77999878,32.70000076,32.97000122,32.97000122,1,1,1,1,1,1,1,1,1,1,1,1,1,1,1.26%,1.70%,1.73%,2.11%,2.49%,1.99%,2.36%,2.37%,3.47%,3.09%,3.34%,3.09%,3.94%,3.94%
128,2019-03-25,38.45999908,38.88999939,39.08000183,38.75,38.83000183,39.34999847,39.63000107,40.25,39.99000168,39.72999954,39.86999893,40.63999939,40.41999817,40.56999969,40.56999969,1,1,1,1,1,1,1,1,1,1,1,1,1,1,1.12%,1.61%,0.75%,0.96%,2.31%,3.04%,4.65%,3.98%,3.30%,3.67%,5.67%,5.10%,5.49%,5.49%
129,2019-03-25,25.05500031,25.03000069,25.00499916,24.98999977,24.92000008,24.87999916,24.93000031,24.96999931,24.97500038,25.00499916,25.00499916,25.10499954,25.17499924,25.19499969,25.19499969,0,0,0,0,0,0,0,0,0,0,1,1,1,1,-0.10%,-0.20%,-0.26%,-0.54%,-0.70%,-0.50%,-0.34%,-0.32%,-0.20%,-0.20%,0.20%,0.48%,0.56%,0.56%
130,2019-03-25,25.52400017,25.79000092,25.85199928,26.04299927,26.0720005,26.31999969,26.17099953,26.27400017,26.45000076,26.62599945,26.5510006,26.61499977,26.64800072,26.84499931,26.84499931,1,1,1,1,1,1,1,1,1,1,1,1,1,1,1.04%,1.29%,2.03%,2.15%,3.12%,2.53%,2.94%,3.63%,4.32%,4.02%,4.27%,4.40%,5.18%,5.18%
131,2019-03-25,24.64999962,24.69000053,24.71999931,24.73999977,24.75,24.68000031,24.68000031,24.65999985,24.64999962,24.67000008,24.65999985,24.67000008,24.71999931,24.70000076,24.70000076,1,1,1,1,1,1,1,0,1,1,1,1,1,1,0.16%,0.28%,0.37%,0.41%,0.12%,0.12%,0.04%,0.00%,0.08%,0.04%,0.08%,0.28%,0.20%,0.20%
132,2019-03-25,73.93000031,74.76000214,74.96499634,75.26999664,75.93000031,77.43000031,77.38999939,77.55999756,77.58999634,77.93499756,77.65000153,78.12000275,79.50499725,79.59999847,79.59999847,1,1,1,1,1,1,1,1,1,1,1,1,1,1,1.12%,1.40%,1.81%,2.71%,4.73%,4.68%,4.91%,4.95%,5.42%,5.03%,5.67%,7.54%,7.67%,7.67%
133,2019-03-25,57.5,58.20000076,58.36000061,58.43999863,58.61999893,58.57300186,58.34500122,58.48300171,58.65999985,59.24000168,59.11000061,59.38000107,59.20899963,59.38000107,59.38000107,1,1,1,1,1,1,1,1,1,1,1,1,1,1,1.22%,1.50%,1.63%,1.95%,1.87%,1.47%,1.71%,2.02%,3.03%,2.80%,3.27%,2.97%,3.27%,3.27%
134,2019-03-25,24.03000069,24.03000069,24.07999992,24.12999916,24.10700035,24.02000046,24,24.02000046,24.02000046,24.04999924,24.03000069,23.97999954,23.94000053,24.02000046,24.02000046,0,1,1,1,0,0,0,0,1,0,0,0,0,0,0.00%,0.21%,0.42%,0.32%,-0.04%,-0.12%,-0.04%,-0.04%,0.08%,0.00%,-0.21%,-0.37%,-0.04%,-0.04%
135,2019-03-25,25.50900078,25.73399925,25.77000046,25.79000092,25.92000008,26.14999962,26.15999985,26.27000046,26.2859993,26.45999908,26.44499969,26.62999916,26.69000053,26.70999908,26.70999908,1,1,1,1,1,1,1,1,1,1,1,1,1,1,0.88%,1.02%,1.10%,1.61%,2.51%,2.55%,2.98%,3.05%,3.73%,3.67%,4.39%,4.63%,4.71%,4.71%
136,2019-03-25,26.14299965,26.42000008,26.39999962,26.50300026,26.63999939,27.06900024,26.99099922,27.11000061,27.0909996,27.30999947,27.32999992,27.50300026,27.72599983,27.68000031,27.68000031,1,1,1,1,1,1,1,1,1,1,1,1,1,1,1.06%,0.98%,1.38%,1.90%,3.54%,3.24%,3.70%,3.63%,4.46%,4.54%,5.20%,6.06%,5.88%,5.88%
137,2019-03-25,28.39999962,28.44000053,28.44000053,28.46999931,28.54000092,28.85099983,28.96199989,29.17000008,29.17000008,29.20000076,29.21999931,29.23999977,29.44000053,29.25799942,29.25799942,1,1,1,1,1,1,1,1,1,1,1,1,1,1,0.14%,0.14%,0.25%,0.49%,1.59%,1.98%,2.71%,2.71%,2.82%,2.89%,2.96%,3.66%,3.02%,3.02%
138,2019-03-25,51.20000076,51.68999863,51.87099838,51.87099838,51.70999908,51.52600098,51.38000107,51.40999985,51.62599945,51.54499817,51.75500107,51.73600006,52.11999893,52.11999893,52.11999893,1,1,1,1,1,1,1,1,1,1,1,1,1,1,0.96%,1.31%,1.31%,1.00%,0.64%,0.35%,0.41%,0.83%,0.67%,1.08%,1.05%,1.80%,1.80%,1.80%
139,2019-03-25,49.22999954,49.22700119,49.25999832,49.22999954,49.25,49.11999893,49.15000153,49.11999893,49.11999893,49.13999939,49.15000153,49.17300034,49.11000061,49.13999939,49.13999939,0,1,0,1,0,0,0,0,0,0,0,0,0,0,-0.01%,0.06%,0.00%,0.04%,-0.22%,-0.16%,-0.22%,-0.22%,-0.18%,-0.16%,-0.12%,-0.24%,-0.18%,-0.18%
140,2019-03-25,33.84000015,34.25,34.0719986,33.92200089,34.13999939,34.56000137,34.6969986,35.06999969,34.97999954,35.04999924,35.13000107,35.33000183,36.16999817,36.22000122,36.22000122,1,1,1,1,1,1,1,1,1,1,1,1,1,1,1.21%,0.69%,0.24%,0.89%,2.13%,2.53%,3.63%,3.37%,3.58%,3.81%,4.40%,6.89%,7.03%,7.03%
141,2019-03-25,10.01000023,10.02000046,10.02000046,10.01000023,10.02000046,9.989999771,10.03999996,10.03999996,10.06999969,10.02999973,10.05000019,10.02000046,10.02000046,10.02999973,10.02999973,1,1,0,1,0,1,1,1,1,1,1,1,1,1,0.10%,0.10%,0.00%,0.10%,-0.20%,0.30%,0.30%,0.60%,0.20%,0.40%,0.10%,0.10%,0.20%,0.20%
142,2019-03-25,73.66999817,74.66000366,74.44999695,74.79000092,75.08499908,75.89600372,75.69499969,76.12000275,76.25,76.76000214,76.69300079,77.02999878,77.01599884,77.33999634,77.33999634,1,1,1,1,1,1,1,1,1,1,1,1,1,1,1.34%,1.06%,1.52%,1.92%,3.02%,2.75%,3.33%,3.50%,4.19%,4.10%,4.56%,4.54%,4.98%,4.98%
143,2019-03-25,36.41999817,36.86899948,36.84000015,36.79499817,36.90999985,37.18899918,37.09999847,37.41999817,37.26900101,37.27000046,37.22499847,37.38000107,37.18000031,37.02999878,37.02999878,1,1,1,1,1,1,1,1,1,1,1,1,1,1,1.23%,1.15%,1.03%,1.35%,2.11%,1.87%,2.75%,2.33%,2.33%,2.21%,2.64%,2.09%,1.67%,1.67%
144,2019-03-25,25.63100052,25.89500046,25.72500038,25.72299957,25.8029995,26.0529995,26.03499985,26.12999916,26.01499939,26.02000046,26.12999916,26.25900078,25.9829998,25.94499969,25.94499969,1,1,1,1,1,1,1,1,1,1,1,1,1,1,1.03%,0.37%,0.36%,0.67%,1.65%,1.58%,1.95%,1.50%,1.52%,1.95%,2.45%,1.37%,1.23%,1.23%
145,2019-03-25,31.43000031,31.40999985,31.25,31.10000038,31.04000092,30.76000023,30.71999931,30.97999954,30.89999962,31.18000031,31.23999977,31.47999954,31.76000023,31.45000076,31.45000076,0,0,0,0,0,0,0,0,0,0,1,1,1,1,-0.06%,-0.57%,-1.05%,-1.24%,-2.13%,-2.26%,-1.43%,-1.69%,-0.80%,-0.60%,0.16%,1.05%,0.06%,0.06%
146,2019-03-25,27.86700058,28.35000038,28.40500069,28.65999985,28.76000023,29.14599991,29.18799973,29.64699936,29.90099907,30.14500046,30.11800003,30.1420002,30.20000076,30.32999992,30.32999992,1,1,1,1,1,1,1,1,1,1,1,1,1,1,1.73%,1.93%,2.85%,3.20%,4.59%,4.74%,6.39%,7.30%,8.17%,8.08%,8.16%,8.37%,8.84%,8.84%
147,2019-03-25,53.77999878,54.18000031,54.13999939,53.97000122,54.27999878,54.90999985,55.22999954,55.47000122,55.16999817,55.40999985,55.47000122,55.41999817,55.56999969,55.09999847,55.09999847,1,1,1,1,1,1,1,1,1,1,1,1,1,1,0.74%,0.67%,0.35%,0.93%,2.10%,2.70%,3.14%,2.58%,3.03%,3.14%,3.05%,3.33%,2.45%,2.45%
148,2019-03-25,38.77999878,38.75999832,38.88999939,38.63999939,38.70000076,39.50999832,39.90999985,40.58000183,40.49000168,40.72000122,40.66999817,40.65000153,40.29000092,40.02999878,40.02999878,0,1,0,0,1,1,1,1,1,1,1,1,1,1,-0.05%,0.28%,-0.36%,-0.21%,1.88%,2.91%,4.64%,4.41%,5.00%,4.87%,4.82%,3.89%,3.22%,3.22%
149,2019-03-25,66.22699738,66.62999725,66.35299683,66.64399719,67.06600189,67.88600159,67.91000366,68.26200104,68.20500183,68.5,68.6210022,69.02999878,69.76000214,69.80999756,69.80999756,1,1,1,1,1,1,1,1,1,1,1,1,1,1,0.61%,0.19%,0.63%,1.27%,2.51%,2.54%,3.07%,2.99%,3.43%,3.61%,4.23%,5.33%,5.41%,5.41%
150,2019-03-25,25.47100067,25.84399986,25.89999962,25.90999985,25.99500084,26.00499916,26.15099907,26.18799973,26.15999985,26.27400017,26.29999924,25.63999939,24.82299995,24.89999962,24.89999962,1,1,1,1,1,1,1,1,1,1,1,0,0,0,1.46%,1.68%,1.72%,2.06%,2.10%,2.67%,2.81%,2.71%,3.15%,3.25%,0.66%,-2.54%,-2.24%,-2.24%
151,2019-03-25,33.31000137,33.5909996,33.50999832,33.33800125,33.49000168,33.54100037,33.56000137,33.67300034,33.52000046,33.72000122,33.60599899,33.86000061,33.61399841,33.76800156,33.76800156,1,1,1,1,1,1,1,1,1,1,1,1,1,1,0.84%,0.60%,0.08%,0.54%,0.69%,0.75%,1.09%,0.63%,1.23%,0.89%,1.65%,0.91%,1.37%,1.37%
152,2019-03-25,93.89499664,95.11000061,94.93000031,94.56999969,95.23000336,96.23000336,96.36000061,96.91799927,96.83999634,97.12000275,96.82299805,97.86000061,98.25800323,98.77999878,98.77999878,1,1,1,1,1,1,1,1,1,1,1,1,1,1,1.29%,1.10%,0.72%,1.42%,2.49%,2.63%,3.22%,3.14%,3.43%,3.12%,4.22%,4.65%,5.20%,5.20%
153,2019-03-25,22.95999908,23.20499992,23.0189991,22.98999977,23.25,23.46999931,23.35000038,23.62000084,23.62999916,23.75,23.70999908,23.71999931,23.70999908,23.84900093,23.84900093,1,1,1,1,1,1,1,1,1,1,1,1,1,1,1.07%,0.26%,0.13%,1.26%,2.22%,1.70%,2.87%,2.92%,3.44%,3.27%,3.31%,3.27%,3.87%,3.87%
154,2019-03-25,20.38999939,20.59000015,20.47999954,20.39999962,20.75,20.70000076,20.81999969,20.84000015,20.54000092,20.65999985,20.70999908,20.57999992,20.56999969,20.30999947,20.30999947,1,1,1,1,1,1,1,1,1,1,1,1,0,0,0.98%,0.44%,0.05%,1.77%,1.52%,2.11%,2.21%,0.74%,1.32%,1.57%,0.93%,0.88%,-0.39%,-0.39%
155,2019-03-25,21.84000015,22.10400009,22.06900024,22.03000069,22.1420002,22.5340004,22.57900047,22.69000053,22.78300095,22.76000023,22.85000038,23.05999947,23.29000092,23.30999947,23.30999947,1,1,1,1,1,1,1,1,1,1,1,1,1,1,1.21%,1.05%,0.87%,1.38%,3.18%,3.38%,3.89%,4.32%,4.21%,4.62%,5.59%,6.64%,6.73%,6.73%
156,2019-03-25,49.36000061,49.27999878,49.29999924,49.40000153,49.09999847,49.20299911,49.27000046,49.29000092,49.31000137,49.31999969,49.40000153,49.45000076,49.40000153,49.43999863,49.43999863,0,0,1,0,0,0,0,0,0,1,1,1,1,1,-0.16%,-0.12%,0.08%,-0.53%,-0.32%,-0.18%,-0.14%,-0.10%,-0.08%,0.08%,0.18%,0.08%,0.16%,0.16%
157,2019-03-25,22.86000061,22.9470005,23,22.89999962,23.20000076,23.65999985,23.68000031,23.90999985,23.82999992,24.09000015,24.11000061,24.26199913,24.70999908,24.75,24.75,1,1,1,1,1,1,1,1,1,1,1,1,1,1,0.38%,0.61%,0.17%,1.49%,3.50%,3.59%,4.59%,4.24%,5.38%,5.47%,6.13%,8.09%,8.27%,8.27%
158,2019-03-25,27.41699982,27.70000076,27.54599953,27.78300095,27.9279995,28.11800003,28.00300026,28.16799927,28.38299942,28.57999992,28.63999939,28.86000061,29.06999969,29.32900047,29.32900047,1,1,1,1,1,1,1,1,1,1,1,1,1,1,1.03%,0.47%,1.33%,1.86%,2.56%,2.14%,2.74%,3.52%,4.24%,4.46%,5.26%,6.03%,6.97%,6.97%
159,2019-03-25,30.95000076,31.06900024,31.04999924,31.12899971,31.32999992,31.77000046,31.73999977,31.92700005,32.13000107,32.04000092,32.15000153,32.08599854,32.06999969,31.98999977,31.98999977,1,1,1,1,1,1,1,1,1,1,1,1,1,1,0.38%,0.32%,0.58%,1.23%,2.65%,2.55%,3.16%,3.81%,3.52%,3.88%,3.67%,3.62%,3.36%,3.36%
160,2019-03-25,25.95999908,26.05999947,26.11000061,26.15999985,26.13999939,26.07999992,26.04999924,26.04999924,26.02000046,26.04000092,26.01000023,26.13999939,25.92000008,26.04000092,26.04000092,1,1,1,1,1,1,1,1,1,1,1,0,1,1,0.39%,0.58%,0.77%,0.69%,0.46%,0.35%,0.35%,0.23%,0.31%,0.19%,0.69%,-0.15%,0.31%,0.31%
161,2019-03-25,17.54999924,17.55900002,17.55500031,17.56999969,17.91900063,18.21999931,18.18899918,18.30999947,18.34900093,18.52000046,18.54999924,18.48999977,18.81999969,18.63699913,18.63699913,1,1,1,1,1,1,1,1,1,1,1,1,1,1,0.05%,0.03%,0.11%,2.10%,3.82%,3.64%,4.33%,4.55%,5.53%,5.70%,5.36%,7.24%,6.19%,6.19%
162,2019-03-25,57.07400131,57.24200058,56.64699936,57.14699936,57.68799973,58.79999924,59.06000137,59.08000183,59.06100082,59.50600052,60.43000031,59.33000183,58.88999939,58.13999939,58.13999939,1,0,1,1,1,1,1,1,1,1,1,1,1,1,0.29%,-0.75%,0.13%,1.08%,3.02%,3.48%,3.51%,3.48%,4.26%,5.88%,3.95%,3.18%,1.87%,1.87%
163,2019-03-25,23.89999962,24.09000015,24,23.85400009,23.96899986,24.11499977,24.125,24.34700012,24.25,24.29000092,24.29299927,24.31999969,24.15099907,24.0529995,24.0529995,1,1,0,1,1,1,1,1,1,1,1,1,1,1,0.79%,0.42%,-0.19%,0.29%,0.90%,0.94%,1.87%,1.46%,1.63%,1.64%,1.76%,1.05%,0.64%,0.64%
164,2019-03-25,70.90000153,71.56800079,71.6230011,72.05999756,72.62999725,73.69100189,73.55500031,73.76000214,74.47699738,75.125,75.26000214,75.79000092,76.23500061,76.37999725,76.37999725,1,1,1,1,1,1,1,1,1,1,1,1,1,1,0.94%,1.02%,1.64%,2.44%,3.94%,3.74%,4.03%,5.05%,5.96%,6.15%,6.90%,7.52%,7.73%,7.73%
165,2019-03-25,33.00999832,33.08000183,33.18000031,33.16999817,33.22999954,33.59999847,33.79000092,33.90999985,33.95000076,34,34.04999924,34.34000015,34.45000076,34.49000168,34.49000168,1,1,1,1,1,1,1,1,1,1,1,1,1,1,0.21%,0.52%,0.48%,0.67%,1.79%,2.36%,2.73%,2.85%,3.00%,3.15%,4.03%,4.36%,4.48%,4.48%
166,2019-03-25,49.65999985,50.25999832,49.93999863,50.13999939,50.56000137,50.90999985,51.18000031,51.34999847,51.22000122,51.36999893,51.49000168,51.68999863,52.29000092,52.40000153,52.40000153,1,1,1,1,1,1,1,1,1,1,1,1,1,1,1.21%,0.56%,0.97%,1.81%,2.52%,3.06%,3.40%,3.14%,3.44%,3.69%,4.09%,5.30%,5.52%,5.52%
167,2019-03-25,24.65999985,24.73999977,24.78000069,24.69000053,24.77000046,24.81999969,24.69000053,24.78000069,24.72999954,24.77000046,24.85000038,24.84000015,24.86000061,24.90999985,24.90999985,1,1,1,1,1,1,1,1,1,1,1,1,1,1,0.32%,0.49%,0.12%,0.45%,0.65%,0.12%,0.49%,0.28%,0.45%,0.77%,0.73%,0.81%,1.01%,1.01%
168,2019-03-25,50.40999985,50.27999878,50.01499939,49.19900131,49.24000168,49.02500153,49.06999969,48.98400116,49.25999832,49.25500107,51.79999924,49.09000015,48.43500137,48.63000107,48.63000107,0,0,0,0,0,0,0,0,0,1,0,0,0,0,-0.26%,-0.78%,-2.40%,-2.32%,-2.75%,-2.66%,-2.83%,-2.28%,-2.29%,2.76%,-2.62%,-3.92%,-3.53%,-3.53%
169,2019-03-25,78.61799622,79.34899902,78.47000122,78.97000122,79.29000092,79.71099854,79.70800018,80.19000244,79.90000153,80.08399963,79.98999786,80.23699951,79.76999664,80.05500031,80.05500031,1,0,1,1,1,1,1,1,1,1,1,1,1,1,0.93%,-0.19%,0.45%,0.85%,1.39%,1.39%,2.00%,1.63%,1.86%,1.75%,2.06%,1.47%,1.83%,1.83%
170,2019-03-25,26.18499947,26.36199951,26.23399925,26.48999977,26.60000038,26.92200089,26.88500023,27.13999939,27.09600067,27.23999977,27.21999931,27.54000092,27.37100029,27.54999924,27.54999924,1,1,1,1,1,1,1,1,1,1,1,1,1,1,0.68%,0.19%,1.16%,1.58%,2.81%,2.67%,3.65%,3.48%,4.03%,3.95%,5.17%,4.53%,5.21%,5.21%
171,2019-03-25,29.82699966,30.20000076,30.19000053,30.15999985,30.22999954,30.63999939,30.75499916,30.93000031,30.87999916,30.87000084,30.78000069,31.12999916,31.11899948,31.14999962,31.14999962,1,1,1,1,1,1,1,1,1,1,1,1,1,1,1.25%,1.22%,1.12%,1.35%,2.73%,3.11%,3.70%,3.53%,3.50%,3.20%,4.37%,4.33%,4.44%,4.44%
172,2019-03-25,9.958999634,10.02000046,10.07999992,10.00599957,10.07900047,10.07600021,10.11499977,10.13000011,10.13000011,10.18000031,10.2489996,10.22999954,10.27900028,10.23999977,10.23999977,1,1,1,1,1,1,1,1,1,1,1,1,1,1,0.61%,1.21%,0.47%,1.20%,1.17%,1.57%,1.72%,1.72%,2.22%,2.91%,2.72%,3.21%,2.82%,2.82%
173,2019-03-25,26.03000069,26.46100044,26.42000008,26.5,26.62999916,26.90999985,26.94000053,27.04400063,27.12999916,27.37999916,27.31999969,27.54999924,27.73999977,27.88299942,27.88299942,1,1,1,1,1,1,1,1,1,1,1,1,1,1,1.66%,1.50%,1.81%,2.31%,3.38%,3.50%,3.90%,4.23%,5.19%,4.96%,5.84%,6.57%,7.12%,7.12%
174,2019-03-25,23.99500084,24.23399925,23.59000015,23.31200027,23.70000076,23.92499924,23.84399986,23.7840004,23.27499962,23.51300049,23.80200005,24.00300026,23.64299965,23.63999939,23.63999939,1,0,0,0,0,0,0,0,0,0,1,0,0,0,1.00%,-1.69%,-2.85%,-1.23%,-0.29%,-0.63%,-0.88%,-3.00%,-2.01%,-0.80%,0.03%,-1.47%,-1.48%,-1.48%
175,2019-03-25,49.5320015,49.61999893,49.69900131,49.72999954,49.64500046,49.41999817,49.31999969,49.31000137,49.34000015,49.45000076,49.40999985,49.49000168,49.40999985,49.65000153,49.65000153,1,1,1,1,0,0,0,0,0,0,0,0,1,1,0.18%,0.34%,0.40%,0.23%,-0.23%,-0.43%,-0.45%,-0.39%,-0.17%,-0.25%,-0.08%,-0.25%,0.24%,0.24%
176,2019-03-25,27.33399963,27.96999931,27.51000023,27.35700035,27.56900024,27.97400093,28.13999939,28.38599968,28.44000053,28.28000069,28.32999992,28.86000061,29.54000092,29.42000008,29.42000008,1,1,1,1,1,1,1,1,1,1,1,1,1,1,2.33%,0.64%,0.08%,0.86%,2.34%,2.95%,3.85%,4.05%,3.46%,3.64%,5.58%,8.07%,7.63%,7.63%
177,2019-03-25,27.27899933,27.51000023,27.35000038,27.45700073,27.70999908,28.12000084,28.45999908,28.34000015,28.36000061,28.54000092,28.54299927,28.69000053,28.75699997,28.70000076,28.70000076,1,1,1,1,1,1,1,1,1,1,1,1,1,1,0.85%,0.26%,0.65%,1.58%,3.08%,4.33%,3.89%,3.96%,4.62%,4.63%,5.17%,5.42%,5.21%,5.21%
178,2019-03-25,24.11499977,24.34000015,24.36000061,24.14599991,24.23399925,24.56999969,24.59000015,24.79999924,24.75600052,24.82999992,24.87999916,25,25.29000092,25.10000038,25.10000038,1,1,1,1,1,1,1,1,1,1,1,1,1,1,0.93%,1.02%,0.13%,0.49%,1.89%,1.97%,2.84%,2.66%,2.96%,3.17%,3.67%,4.87%,4.08%,4.08%
179,2019-03-25,30.89900017,31.22100067,31.20999908,31.28000069,31.4090004,31.70000076,31.6590004,31.86000061,31.84000015,31.93499947,31.98800087,32.25,32.22000122,32.31000137,32.31000137,1,1,1,1,1,1,1,1,1,1,1,1,1,1,1.04%,1.01%,1.23%,1.65%,2.59%,2.46%,3.11%,3.05%,3.35%,3.52%,4.37%,4.28%,4.57%,4.57%
180,2019-03-25,26.48399925,26.5,26.54000092,26.54999924,26.52000046,26.46999931,26.45999908,26.43000031,26.43000031,26.43000031,26.42499924,26.42000008,26.45999908,26.48999977,26.48999977,1,1,1,1,0,0,0,0,0,0,0,0,1,1,0.06%,0.21%,0.25%,0.14%,-0.05%,-0.09%,-0.20%,-0.20%,-0.20%,-0.22%,-0.24%,-0.09%,0.02%,0.02%
181,2019-03-25,23.47999954,23.56999969,23.54000092,23.35000038,23.34000015,23.70000076,23.67000008,23.87999916,23.81999969,23.87999916,23.81999969,24,23.95000076,23.71999931,23.71999931,1,1,0,0,1,1,1,1,1,1,1,1,1,1,0.38%,0.26%,-0.55%,-0.60%,0.94%,0.81%,1.70%,1.45%,1.70%,1.45%,2.21%,2.00%,1.02%,1.02%
182,2019-03-25,49.77000046,49.72999954,49.77000046,49.72499847,49.68999863,49.61000061,49.65000153,49.63000107,49.63000107,49.63000107,49.63000107,49.61999893,49.54499817,49.61000061,49.61000061,0,0,0,0,0,0,0,0,0,0,0,0,0,0,-0.08%,0.00%,-0.09%,-0.16%,-0.32%,-0.24%,-0.28%,-0.28%,-0.28%,-0.28%,-0.30%,-0.45%,-0.32%,-0.32%
183,2019-03-25,25.49500084,25.56699944,25.55500031,25.61499977,25.5340004,25.57500076,25.55999947,25.57999992,25.61000061,25.64999962,25.64500046,25.78499985,25.83499908,25.87000084,25.87000084,1,1,1,1,1,1,1,1,1,1,1,1,1,1,0.28%,0.24%,0.47%,0.15%,0.31%,0.25%,0.33%,0.45%,0.61%,0.59%,1.14%,1.33%,1.47%,1.47%
184,2019-03-25,25.25,25.40999985,25.27000046,25.34000015,25.40999985,25.61000061,25.61000061,25.63999939,25.69000053,25.76000023,25.78000069,25.80999947,25.98999977,25.97999954,25.97999954,1,1,1,1,1,1,1,1,1,1,1,1,1,1,0.63%,0.08%,0.36%,0.63%,1.43%,1.43%,1.54%,1.74%,2.02%,2.10%,2.22%,2.93%,2.89%,2.89%
185,2019-03-25,16.15600014,16.35000038,16.37999916,16.3920002,16.5,16.71999931,16.73999977,16.81299973,16.83499908,16.96999931,16.96199989,17.13999939,17.04999924,17.08200073,17.08200073,1,1,1,1,1,1,1,1,1,1,1,1,1,1,1.20%,1.39%,1.46%,2.13%,3.49%,3.61%,4.07%,4.20%,5.04%,4.99%,6.09%,5.53%,5.73%,5.73%
186,2019-03-25,25.47999954,25.68199921,25.58499908,25.73500061,25.88999939,25.89999962,25.79000092,25.73500061,25.72699928,25.81599998,25.88999939,26.17000008,26.34000015,26.34499931,26.34499931,1,1,1,1,1,1,1,1,1,1,1,1,1,1,0.79%,0.41%,1.00%,1.61%,1.65%,1.22%,1.00%,0.97%,1.32%,1.61%,2.71%,3.38%,3.39%,3.39%
187,2019-03-25,24.29000092,24.47999954,24.34000015,24.38999939,24.54000092,24.62999916,24.63999939,24.70000076,24.75,24.77000046,24.78000069,24.81999969,24.97999954,25.02000046,25.02000046,1,1,1,1,1,1,1,1,1,1,1,1,1,1,0.78%,0.21%,0.41%,1.03%,1.40%,1.44%,1.69%,1.89%,1.98%,2.02%,2.18%,2.84%,3.01%,3.01%
188,2019-03-25,22.13400078,22.4090004,22.36199951,22.53100014,22.70999908,23.12100029,23.14299965,23.20100021,23.34199905,23.38500023,23.78000069,23.71999931,23.86000061,23.83600044,23.83600044,1,1,1,1,1,1,1,1,1,1,1,1,1,1,1.24%,1.03%,1.79%,2.60%,4.46%,4.56%,4.82%,5.46%,5.65%,7.44%,7.17%,7.80%,7.69%,7.69%
189,2019-03-25,30.77499962,31.16600037,31.07699966,30.96800041,31.09000015,31.68400002,31.5,31.57999992,31.94000053,31.70999908,31.94000053,31.95999908,31.93199921,31.93199921,31.93199921,1,1,1,1,1,1,1,1,1,1,1,1,1,1,1.27%,0.98%,0.63%,1.02%,2.95%,2.36%,2.62%,3.79%,3.04%,3.79%,3.85%,3.76%,3.76%,3.76%
190,2019-03-25,26.82699966,27.07099915,27.14999962,27.20999908,27.26000023,27.67200089,27.68000031,27.82999992,27.90200043,28.11000061,28.09199905,28.33699989,28.32799911,28.40999985,28.40999985,1,1,1,1,1,1,1,1,1,1,1,1,1,1,0.91%,1.20%,1.43%,1.61%,3.15%,3.18%,3.74%,4.01%,4.78%,4.72%,5.63%,5.60%,5.90%,5.90%
191,2019-03-25,24.18499947,24.28100014,24.21999931,24.11499977,24.18000031,24.2159996,24.26000023,24.32999992,24.28700066,24.39999962,24.45000076,24.40999985,24.04999924,24.14999962,24.14999962,1,1,0,0,1,1,1,1,1,1,1,0,0,0,0.40%,0.14%,-0.29%,-0.02%,0.13%,0.31%,0.60%,0.42%,0.89%,1.10%,0.93%,-0.56%,-0.14%,-0.14%
192,2019-03-25,25.91500092,25.92700005,25.96999931,25.96999931,25.95999908,25.89999962,25.89999962,25.88999939,25.87999916,25.87999916,25.86199951,25.86000061,25.87999916,25.89999962,25.89999962,1,1,1,1,0,0,0,0,0,0,0,0,0,0,0.05%,0.21%,0.21%,0.17%,-0.06%,-0.06%,-0.10%,-0.14%,-0.14%,-0.20%,-0.21%,-0.14%,-0.06%,-0.06%
193,2019-03-25,23.6609993,23.86300087,23.96999931,24.09000015,24.18000031,24.39999962,24.32999992,24.43099976,24.50799942,24.70800018,24.6609993,24.84000015,24.96999931,25.02199936,25.02199936,1,1,1,1,1,1,1,1,1,1,1,1,1,1,0.85%,1.31%,1.81%,2.19%,3.12%,2.83%,3.25%,3.58%,4.43%,4.23%,4.98%,5.53%,5.75%,5.75%
194,2019-03-25,26.78199959,26.93000031,26.88999939,26.92000008,26.95400047,27.06999969,27.0510006,27.12000084,27.11899948,27.14800072,27.20400047,27.22500038,27.37000084,27.32999992,27.32999992,1,1,1,1,1,1,1,1,1,1,1,1,1,1,0.55%,0.40%,0.52%,0.64%,1.08%,1.00%,1.26%,1.26%,1.37%,1.58%,1.65%,2.20%,2.05%,2.05%
195,2019-03-25,26.64999962,27.10000038,26.97699928,27.01000023,27.20000076,27.33499908,27.31999969,27.43000031,27.43400002,27.63999939,27.61300087,27.54000092,27.51000023,27.56999969,27.56999969,1,1,1,1,1,1,1,1,1,1,1,1,1,1,1.69%,1.23%,1.35%,2.06%,2.57%,2.51%,2.93%,2.94%,3.71%,3.61%,3.34%,3.23%,3.45%,3.45%
196,2019-03-25,28.86000061,29.08600044,28.96999931,29,29.20999908,29.46100044,29.52000046,29.65200043,29.54999924,29.52000046,29.53199959,29.97400093,29.62999916,29.70999908,29.70999908,1,1,1,1,1,1,1,1,1,1,1,1,1,1,0.78%,0.38%,0.49%,1.21%,2.08%,2.29%,2.74%,2.39%,2.29%,2.33%,3.86%,2.67%,2.95%,2.95%
197,2019-03-25,25.34000015,25.55999947,25.63999939,25.51000023,25.73999977,25.87999916,25.96999931,26.32999992,26.39999962,26.53000069,26.46999931,26.73999977,27.09000015,27.04999924,27.04999924,1,1,1,1,1,1,1,1,1,1,1,1,1,1,0.87%,1.18%,0.67%,1.58%,2.13%,2.49%,3.91%,4.18%,4.70%,4.46%,5.52%,6.91%,6.75%,6.75%
198,2019-03-25,13.9289999,14.05000019,14.01000023,14.02999973,14.08600044,14.19299984,14.19999981,14.24699974,14.26200008,14.28999996,14.29500008,14.35999966,14.30000019,14.32499981,14.32499981,1,1,1,1,1,1,1,1,1,1,1,1,1,1,0.87%,0.58%,0.73%,1.13%,1.90%,1.95%,2.28%,2.39%,2.59%,2.63%,3.09%,2.66%,2.84%,2.84%
199,2019-03-25,22.57999992,22.79999924,22.69000053,22.56500053,22.78000069,22.96999931,22.98999977,23.15999985,23.05999947,23.18000031,23.25600052,23.44000053,23.29999924,23.19000053,23.19000053,1,1,0,1,1,1,1,1,1,1,1,1,1,1,0.97%,0.49%,-0.07%,0.89%,1.73%,1.82%,2.57%,2.13%,2.66%,2.99%,3.81%,3.19%,2.70%,2.70%
200,2019-03-25,34.95000076,35.24000168,35.2820015,35.34999847,35.52999878,35.90800095,35.86000061,36.16799927,36.11000061,36.1590004,36.17900085,36.57899857,36.91999817,37.02000046,37.02000046,1,1,1,1,1,1,1,1,1,1,1,1,1,1,0.83%,0.95%,1.14%,1.66%,2.74%,2.60%,3.48%,3.32%,3.46%,3.52%,4.66%,5.64%,5.92%,5.92%
201,2019-03-25,27.53100014,27.63299942,27.62999916,27.68000031,27.78899956,28,28.03000069,28.11000061,28.1590004,28.21500015,28.20000076,28.28300095,28.52000046,28.48999977,28.48999977,1,1,1,1,1,1,1,1,1,1,1,1,1,1,0.37%,0.36%,0.54%,0.94%,1.70%,1.81%,2.10%,2.28%,2.48%,2.43%,2.73%,3.59%,3.48%,3.48%
202,2019-03-25,32.92300034,33.04000092,33.18899918,33.38000107,33.58499908,34.09600067,34.0870018,34.49900055,34.48600006,34.72900009,34.7179985,35.07099915,35.50999832,35.54999924,35.54999924,1,1,1,1,1,1,1,1,1,1,1,1,1,1,0.36%,0.81%,1.39%,2.01%,3.56%,3.54%,4.79%,4.75%,5.49%,5.45%,6.52%,7.86%,7.98%,7.98%
203,2019-03-25,24.71800041,24.86000061,24.70000076,24.71500015,24.88100052,25.10000038,25.17000008,25.26000023,25.31299973,25.44000053,25.43499947,25.45000076,25.52000046,25.28000069,25.28000069,1,0,0,1,1,1,1,1,1,1,1,1,1,1,0.57%,-0.07%,-0.01%,0.66%,1.55%,1.83%,2.19%,2.41%,2.92%,2.90%,2.96%,3.24%,2.27%,2.27%
204,2019-03-25,67.61000061,68.40000153,68.33000183,68.13999939,68.48000336,69.41000366,69.33999634,69.76999664,69.58000183,69.87999725,69.97000122,70.5,71.09999847,71.06999969,71.06999969,1,1,1,1,1,1,1,1,1,1,1,1,1,1,1.17%,1.06%,0.78%,1.29%,2.66%,2.56%,3.19%,2.91%,3.36%,3.49%,4.27%,5.16%,5.12%,5.12%
205,2019-03-25,26.34600067,26.46999931,26.59000015,26.39999962,26.48800087,26.94799995,27.06200027,27.45000076,27.20000076,27.39999962,27.33499908,27.55999947,27.64500046,27.36000061,27.36000061,1,1,1,1,1,1,1,1,1,1,1,1,1,1,0.47%,0.93%,0.20%,0.54%,2.28%,2.72%,4.19%,3.24%,4.00%,3.75%,4.61%,4.93%,3.85%,3.85%
206,2019-03-25,27.66500092,27.71500015,27.70499992,27.72999954,27.7310009,28,27.89999962,28,27.95999908,27.99900055,27.98699951,27.87999916,28,28,28,1,1,1,1,1,1,1,1,1,1,1,1,1,1,0.18%,0.14%,0.23%,0.24%,1.21%,0.85%,1.21%,1.07%,1.21%,1.16%,0.78%,1.21%,1.21%,1.21%
207,2019-03-25,25.08699989,25.37000084,25.20499992,25.20999908,25.2670002,25.43099976,25.40999985,25.42000008,25.40299988,25.40099907,25.40999985,25.30999947,25.36000061,25.27000046,25.27000046,1,1,1,1,1,1,1,1,1,1,1,1,1,1,1.13%,0.47%,0.49%,0.72%,1.37%,1.29%,1.33%,1.26%,1.25%,1.29%,0.89%,1.09%,0.73%,0.73%
208,2019-03-25,24.20999908,24.34000015,24.60000038,24.29000092,24.20999908,24.27000046,24.25,24.31999969,24.30999947,24.32999992,24.29999924,24.32999992,24.26000023,24.25,24.25,1,1,1,0,1,1,1,1,1,1,1,1,1,1,0.54%,1.61%,0.33%,0.00%,0.25%,0.17%,0.45%,0.41%,0.50%,0.37%,0.50%,0.21%,0.17%,0.17%
209,2019-03-25,53.72999954,54,53.84000015,53.77000046,54.29999924,55.09999847,55.33000183,56.15000153,56.08000183,56.25,56.20000076,56.93999863,57.36999893,57.43000031,57.43000031,1,1,1,1,1,1,1,1,1,1,1,1,1,1,0.50%,0.20%,0.07%,1.06%,2.55%,2.98%,4.50%,4.37%,4.69%,4.60%,5.97%,6.77%,6.89%,6.89%
210,2019-03-25,50.00999832,50.06999969,49.97000122,49.84999847,49.86999893,50.08000183,50.09999847,50.29999924,50.15000153,50.13000107,50.36000061,50.66999817,50.54000092,50.38000107,50.38000107,1,0,0,0,1,1,1,1,1,1,1,1,1,1,0.12%,-0.08%,-0.32%,-0.28%,0.14%,0.18%,0.58%,0.28%,0.24%,0.70%,1.32%,1.06%,0.74%,0.74%
211,2019-03-25,29.70700073,29.9260006,29.95000076,30.14299965,30.33499908,30.66600037,30.63500023,30.78700066,30.89599991,31.0529995,31.06999969,31.28800011,31.32999992,31.51000023,31.51000023,1,1,1,1,1,1,1,1,1,1,1,1,1,1,0.74%,0.82%,1.47%,2.11%,3.23%,3.12%,3.64%,4.00%,4.53%,4.59%,5.32%,5.46%,6.07%,6.07%
212,2019-03-25,99.33999634,99.38999939,99.52999878,99.44499969,99.44999695,99.08999634,99.01999664,99.01000214,99.05999756,99.06999969,99.15000153,99.33999634,99.40000153,99.54000092,99.54000092,1,1,1,1,0,0,0,0,0,0,0,1,1,1,0.05%,0.19%,0.11%,0.11%,-0.25%,-0.32%,-0.33%,-0.28%,-0.27%,-0.19%,0.00%,0.06%,0.20%,0.20%
213,2019-03-25,13.52999973,13.57600021,13.5710001,13.58399963,13.61800003,13.73999977,13.69999981,13.72500038,13.75,13.77499962,13.78999996,13.79500008,13.85000038,13.82499981,13.82499981,1,1,1,1,1,1,1,1,1,1,1,1,1,1,0.34%,0.30%,0.40%,0.65%,1.55%,1.26%,1.44%,1.63%,1.81%,1.92%,1.96%,2.37%,2.18%,2.18%
214,2019-03-25,13.20499992,13.27999973,13.27999973,13.26500034,13.30099964,13.35999966,13.35000038,13.36999989,13.375,13.43000031,13.44999981,13.43500042,13.45499992,13.46000004,13.46000004,1,1,1,1,1,1,1,1,1,1,1,1,1,1,0.57%,0.57%,0.45%,0.73%,1.17%,1.10%,1.25%,1.29%,1.70%,1.86%,1.74%,1.89%,1.93%,1.93%
215,2019-03-25,52.67499924,52.63999939,52.68000031,52.81499863,52.68999863,52.64899826,52.54999924,52.53499985,52.47999954,52.45500183,52.47499847,52.49000168,52.58000183,52.58000183,52.58000183,0,1,1,1,0,0,0,0,0,0,0,0,0,0,-0.07%,0.01%,0.27%,0.03%,-0.05%,-0.24%,-0.27%,-0.37%,-0.42%,-0.38%,-0.35%,-0.18%,-0.18%,-0.18%
216,2019-03-25,24.79999924,24.82999992,24.82999992,24.79999924,24.81999969,24.81999969,24.81999969,24.77000046,24.81999969,24.78000069,24.80999947,24.81599998,24.85499954,24.89500046,24.89500046,1,1,0,1,1,1,0,1,0,1,1,1,1,1,0.12%,0.12%,0.00%,0.08%,0.08%,0.08%,-0.12%,0.08%,-0.08%,0.04%,0.06%,0.22%,0.38%,0.38%
217,2019-03-25,25.10499954,25.22999954,25.29899979,25.21999931,25.20000076,25.08300018,25.21999931,25.09199905,25.11000061,25.14999962,25.11000061,25.09000015,24.88999939,24.98999977,24.98999977,1,1,1,1,0,1,0,1,1,1,0,0,0,0,0.50%,0.77%,0.46%,0.38%,-0.09%,0.46%,-0.05%,0.02%,0.18%,0.02%,-0.06%,-0.86%,-0.46%,-0.46%
218,2019-03-25,23.93499947,24.04000092,23.89999962,24.11499977,24.45199966,24.38999939,24.59000015,24.62899971,24.84499931,24.85000038,24.82500076,24.82500076,24.61000061,24.61000061,24.61000061,1,0,1,1,1,1,1,1,1,1,1,1,1,1,0.44%,-0.15%,0.75%,2.16%,1.90%,2.74%,2.90%,3.80%,3.82%,3.72%,3.72%,2.82%,2.82%,2.82%
219,2019-03-25,28.01399994,28.18799973,28.0890007,28.21100044,28.38599968,28.55500031,28.5529995,28.55800056,28.62700081,28.71699905,28.74200058,28.90999985,29.28100014,29.29599953,29.29599953,1,1,1,1,1,1,1,1,1,1,1,1,1,1,0.62%,0.27%,0.70%,1.33%,1.93%,1.92%,1.94%,2.19%,2.51%,2.60%,3.20%,4.52%,4.58%,4.58%
220,2019-03-25,26.55500031,26.65999985,26.67000008,26.61000061,26.60199928,26.65800095,26.64999962,26.75,26.75,26.79999924,26.77000046,26.83699989,26.84000015,26.84000015,26.84000015,1,1,1,1,1,1,1,1,1,1,1,1,1,1,0.40%,0.43%,0.21%,0.18%,0.39%,0.36%,0.73%,0.73%,0.92%,0.81%,1.06%,1.07%,1.07%,1.07%
221,2019-03-25,50.69100189,50.63000107,50.66999817,50.72999954,50.86999893,50.89400101,50.93999863,51.04000092,51.04999924,51.10900116,51.09500122,51.47000122,51.34000015,51.34000015,51.34000015,0,0,1,1,1,1,1,1,1,1,1,1,1,1,-0.12%,-0.04%,0.08%,0.35%,0.40%,0.49%,0.69%,0.71%,0.82%,0.80%,1.54%,1.28%,1.28%,1.28%
222,2019-03-25,18.47999954,18.37999916,18.61000061,18.60000038,18.30999947,17.89999962,17.95000076,17.86000061,17.79999924,17.73999977,17.65999985,17.70000076,17.48999977,17.60000038,17.60000038,0,1,1,0,0,0,0,0,0,0,0,0,0,0,-0.54%,0.70%,0.65%,-0.92%,-3.14%,-2.87%,-3.35%,-3.68%,-4.00%,-4.44%,-4.22%,-5.36%,-4.76%,-4.76%
223,2019-03-25,81.70600128,82.44000244,82.63999939,82.55000305,82.69000244,82.93499756,82.76999664,83.08999634,82.98000336,83.35399628,83.37999725,83.56999969,83.77899933,84.20899963,84.20899963,1,1,1,1,1,1,1,1,1,1,1,1,1,1,0.90%,1.14%,1.03%,1.20%,1.50%,1.30%,1.69%,1.56%,2.02%,2.05%,2.28%,2.54%,3.06%,3.06%
224,2019-03-25,26.15500069,26.38999939,26.3010006,26.27300072,26.23800087,26.61899948,26.57999992,26.77899933,26.875,27.09000015,27.10000038,27.70000076,27.82999992,27.89999962,27.89999962,1,1,1,1,1,1,1,1,1,1,1,1,1,1,0.90%,0.56%,0.45%,0.32%,1.77%,1.62%,2.39%,2.75%,3.57%,3.61%,5.91%,6.40%,6.67%,6.67%
225,2019-03-25,50.40000153,50.38999939,50.43999863,50.40000153,50.30199814,50.2840004,50.25999832,50.25999832,50.22000122,50.24000168,50.20999908,50.20000076,50.31999969,50.31999969,50.31999969,0,1,0,0,0,0,0,0,0,0,0,0,0,0,-0.02%,0.08%,0.00%,-0.19%,-0.23%,-0.28%,-0.28%,-0.36%,-0.32%,-0.38%,-0.40%,-0.16%,-0.16%,-0.16%
226,2019-03-25,39.65599823,39.89899826,39.99000168,39.8409996,39.94400024,40.36299896,40.49200058,40.75999832,40.67300034,40.72000122,40.65999985,40.63499832,40.50099945,40.29399872,40.29399872,1,1,1,1,1,1,1,1,1,1,1,1,1,1,0.61%,0.84%,0.47%,0.73%,1.78%,2.11%,2.78%,2.56%,2.68%,2.53%,2.47%,2.13%,1.61%,1.61%
227,2019-03-25,28.62000084,28.82999992,28.86000061,28.93000031,29.00799942,29.20800018,29.16900063,29.29999924,29.32999992,29.48900032,29.45899963,29.67000008,29.67000008,29.76300049,29.76300049,1,1,1,1,1,1,1,1,1,1,1,1,1,1,0.73%,0.84%,1.08%,1.36%,2.05%,1.92%,2.38%,2.48%,3.04%,2.93%,3.67%,3.67%,3.99%,3.99%
228,2019-03-25,49.63100052,49.72999954,49.68999863,49.67200089,49.77000046,49.65000153,49.61999893,49.64300156,49.65000153,49.64500046,49.75,49.75999832,49.79000092,49.77399826,49.77399826,1,1,1,1,1,0,1,1,1,1,1,1,1,1,0.20%,0.12%,0.08%,0.28%,0.04%,-0.02%,0.02%,0.04%,0.03%,0.24%,0.26%,0.32%,0.29%,0.29%
229,2019-03-25,26.82999992,27.12000084,27,27.06999969,27.18000031,27.29999924,27.28000069,27.39999962,27.39999962,27.5,27.54999924,27.57999992,27.92000008,28.01000023,28.01000023,1,1,1,1,1,1,1,1,1,1,1,1,1,1,1.08%,0.63%,0.89%,1.30%,1.75%,1.68%,2.12%,2.12%,2.50%,2.68%,2.80%,4.06%,4.40%,4.40%
230,2019-03-25,112.0500031,113.0100021,112.9800034,113.1399994,113.7699966,115.1699982,115.2600021,115.8700027,115.9400024,116.6399994,116.6699982,117.1200027,118.1200027,118.2900009,118.2900009,1,1,1,1,1,1,1,1,1,1,1,1,1,1,0.86%,0.83%,0.97%,1.54%,2.78%,2.86%,3.41%,3.47%,4.10%,4.12%,4.52%,5.42%,5.57%,5.57%
231,2019-03-25,75.38999939,75.51999664,75.51000214,75.45999908,75.61000061,75.38999939,75.34999847,75.38999939,75.45999908,75.59999847,75.47000122,75.41999817,75.30000305,75.30000305,75.30000305,1,1,1,1,0,0,0,1,1,1,1,0,0,0,0.17%,0.16%,0.09%,0.29%,0.00%,-0.05%,0.00%,0.09%,0.28%,0.11%,0.04%,-0.12%,-0.12%,-0.12%
232,2019-03-25,24.04999924,24.37999916,24.14999962,24.15999985,24.26000023,24.40999985,24.44000053,24.52000046,24.47999954,24.55999947,24.55999947,24.65999985,24.81999969,24.81999969,24.81999969,1,1,1,1,1,1,1,1,1,1,1,1,1,1,1.37%,0.42%,0.46%,0.87%,1.50%,1.62%,1.95%,1.79%,2.12%,2.12%,2.54%,3.20%,3.20%,3.20%
233,2019-03-25,29.12000084,29.32500076,29.07999992,29.12000084,29.49699974,29.6609993,29.78000069,30.06999969,29.80999947,29.73200035,29.57500076,30.07999992,29.79599953,30,30,1,0,0,1,1,1,1,1,1,1,1,1,1,1,0.70%,-0.14%,0.00%,1.29%,1.86%,2.27%,3.26%,2.37%,2.10%,1.56%,3.30%,2.32%,3.02%,3.02%
234,2019-03-25,24.8409996,25.39999962,24.89599991,25.07999992,24.96299934,25.73999977,25.47400093,25.28000069,25.55500031,25.47500038,25.44000053,25.37400055,25.67000008,25.7140007,25.7140007,1,1,1,1,1,1,1,1,1,1,1,1,1,1,2.25%,0.22%,0.96%,0.49%,3.62%,2.55%,1.77%,2.87%,2.55%,2.41%,2.15%,3.34%,3.51%,3.51%
235,2019-03-25,25.12999916,25.29999924,25.14999962,25.27000046,25.54500008,25.80999947,25.87000084,26.07999992,26.08499908,26.27000046,26.27300072,26.09000015,26.35000038,26.22999954,26.22999954,1,1,1,1,1,1,1,1,1,1,1,1,1,1,0.68%,0.08%,0.56%,1.65%,2.71%,2.94%,3.78%,3.80%,4.54%,4.55%,3.82%,4.85%,4.38%,4.38%
236,2019-03-25,33.22000122,33.52000046,33.40499878,33.35699844,33.54000092,34.02999878,33.95999908,34.15000153,34.15999985,34.31999969,34.31000137,34.28499985,34.47000122,34.52000046,34.52000046,1,1,1,1,1,1,1,1,1,1,1,1,1,1,0.90%,0.56%,0.41%,0.96%,2.44%,2.23%,2.80%,2.83%,3.31%,3.28%,3.21%,3.76%,3.91%,3.91%
237,2019-04-17,50.01499939,50.11999893,50.15000153,50.15999985,50.20000076,50.20000076,50.20000076,50.20000076,50.20000076,50.20000076,50.20000076,50.20000076,50.20000076,50.20000076,50.20000076,1,1,1,1,1,1,1,1,1,1,1,1,1,1,0.21%,0.27%,0.29%,0.37%,0.37%,0.37%,0.37%,0.37%,0.37%,0.37%,0.37%,0.37%,0.37%,0.37%
238,2019-03-25,78.35199738,79.0530014,78.84600067,79.34200287,79.63999939,80.63899994,80.51899719,81.01999664,81.07700348,81.66000366,81.60299683,81.88500214,81.98000336,82.1740036,82.1740036,1,1,1,1,1,1,1,1,1,1,1,1,1,1,0.89%,0.63%,1.26%,1.64%,2.92%,2.77%,3.41%,3.48%,4.22%,4.15%,4.51%,4.63%,4.88%,4.88%
239,2019-03-25,24.73399925,25.00499916,24.80500031,24.95100021,25.17300034,25.76399994,25.79000092,26.25,25.89999962,26.19000053,26.26399994,26.68000031,26.96999931,26.88500023,26.88500023,1,1,1,1,1,1,1,1,1,1,1,1,1,1,1.10%,0.29%,0.88%,1.77%,4.16%,4.27%,6.13%,4.71%,5.89%,6.19%,7.87%,9.04%,8.70%,8.70%
240,2019-03-25,50.03499985,50.04000092,50.06999969,50.06000137,50.09999847,50.02999878,49.99000168,49.99000168,49.97999954,50.02000046,49.97999954,50.11000061,50.04000092,50.04999924,50.04999924,1,1,1,1,0,0,0,0,0,0,1,1,1,1,0.01%,0.07%,0.05%,0.13%,-0.01%,-0.09%,-0.09%,-0.11%,-0.03%,-0.11%,0.15%,0.01%,0.03%,0.03%
241,2019-03-25,29.60000038,29.77499962,29.73999977,29.7670002,29.90999985,30.23800087,30.24099922,30.3579998,30.38699913,30.48600006,30.5,30.64999962,30.67700005,30.62000084,30.62000084,1,1,1,1,1,1,1,1,1,1,1,1,1,1,0.59%,0.47%,0.56%,1.05%,2.16%,2.17%,2.56%,2.66%,2.99%,3.04%,3.55%,3.64%,3.45%,3.45%
242,2019-03-25,32.13899994,32.48300171,32.47000122,32.47000122,32.62599945,32.93500137,32.97000122,33.06600189,33.13299942,33.36000061,33.25,33.36999893,33.47499847,33.58000183,33.58000183,1,1,1,1,1,1,1,1,1,1,1,1,1,1,1.07%,1.03%,1.03%,1.52%,2.48%,2.59%,2.88%,3.09%,3.80%,3.46%,3.83%,4.16%,4.48%,4.48%
243,2019-03-25,24.12899971,24.1970005,24.14299965,24.13100052,24.27000046,24.32999992,24.39999962,24.54000092,24.46999931,24.50600052,24.47999954,24.68000031,24.78000069,24.87000084,24.87000084,1,1,1,1,1,1,1,1,1,1,1,1,1,1,0.28%,0.06%,0.01%,0.58%,0.83%,1.12%,1.70%,1.41%,1.56%,1.45%,2.28%,2.70%,3.07%,3.07%
244,2019-03-25,27.19499969,27.45000076,27.43600082,27.63400078,27.6760006,27.86499977,27.73999977,27.88999939,27.97400093,28.18199921,28.12000084,28.32999992,28.35899925,28.56399918,28.56399918,1,1,1,1,1,1,1,1,1,1,1,1,1,1,0.94%,0.89%,1.61%,1.77%,2.46%,2.00%,2.56%,2.86%,3.63%,3.40%,4.17%,4.28%,5.03%,5.03%
245,2019-04-18,25.06500053,25.08499908,25.08300018,25.15500069,25.15500069,25.15500069,25.15500069,25.15500069,25.15500069,25.15500069,25.15500069,25.15500069,25.15500069,25.15500069,25.15500069,1,1,1,1,1,1,1,1,1,1,1,1,1,1,0.08%,0.07%,0.36%,0.36%,0.36%,0.36%,0.36%,0.36%,0.36%,0.36%,0.36%,0.36%,0.36%,0.36%
246,2019-03-25,16.96999931,17.06999969,16.98999977,17.09000015,17.19000053,17.39999962,17.42000008,17.45000076,17.29000092,17.42000008,17.40999985,17.34000015,17.30999947,17.21999931,17.21999931,1,1,1,1,1,1,1,1,1,1,1,1,1,1,0.59%,0.12%,0.71%,1.30%,2.53%,2.65%,2.83%,1.89%,2.65%,2.59%,2.18%,2.00%,1.47%,1.47%
247,2019-03-25,37.20999908,37.22000122,37.29999924,37.16999817,37.33000183,37.34000015,37.34000015,37.33000183,37.36999893,37.41999817,37.34999847,37.36000061,37.22999954,37.40999985,37.40999985,1,1,0,1,1,1,1,1,1,1,1,1,1,1,0.03%,0.24%,-0.11%,0.32%,0.35%,0.35%,0.32%,0.43%,0.56%,0.38%,0.40%,0.05%,0.54%,0.54%
248,2019-03-25,26.47299957,26.62000084,26.50099945,26.56500053,26.62999916,26.70299911,26.7140007,26.79000092,26.78000069,26.81500053,26.85000038,26.87599945,26.95199966,26.96999931,26.96999931,1,1,1,1,1,1,1,1,1,1,1,1,1,1,0.56%,0.11%,0.35%,0.59%,0.87%,0.91%,1.20%,1.16%,1.29%,1.42%,1.52%,1.81%,1.88%,1.88%
249,2019-03-25,65.33000183,65.80999756,65.54000092,65.63999939,65.98999786,66.02999878,65.98999786,66.18000031,66.08000183,66.37999725,66.26999664,67,66.80999756,66.94000244,66.94000244,1,1,1,1,1,1,1,1,1,1,1,1,1,1,0.73%,0.32%,0.47%,1.01%,1.07%,1.01%,1.30%,1.15%,1.61%,1.44%,2.56%,2.27%,2.46%,2.46%
250,2019-03-25,37.00999832,37.04000092,37.02000046,37.16999817,37.09999847,37.03499985,37.08000183,37.04999924,37.08800125,37.19300079,37.25999832,37.17900085,37.40000153,37.29499817,37.29499817,1,1,1,1,1,1,1,1,1,1,1,1,1,1,0.08%,0.03%,0.43%,0.24%,0.07%,0.19%,0.11%,0.21%,0.49%,0.68%,0.46%,1.05%,0.77%,0.77%
251,2019-03-25,24.46999931,24.62999916,24.51099968,24.63999939,24.82999992,24.87000084,24.94000053,25.10000038,24.99799919,25.14999962,25.11000061,25.31999969,25.13999939,25.2159996,25.2159996,1,1,1,1,1,1,1,1,1,1,1,1,1,1,0.65%,0.17%,0.69%,1.47%,1.63%,1.92%,2.57%,2.16%,2.78%,2.62%,3.47%,2.74%,3.05%,3.05%
252,2019-03-25,24.9109993,25.07799911,25.01300049,25.08699989,25.21500015,25.5720005,25.55599976,25.66300011,25.69799995,25.7670002,25.78300095,25.89500046,25.86899948,25.86899948,25.86899948,1,1,1,1,1,1,1,1,1,1,1,1,1,1,0.67%,0.41%,0.71%,1.22%,2.65%,2.59%,3.02%,3.16%,3.44%,3.50%,3.95%,3.85%,3.85%,3.85%
253,2019-03-25,23.81599998,24.12000084,24.25,24.35000038,24.29999924,24.35199928,24.30999947,24.5,24.45999908,24.75,24.95000076,24.62400055,24.32099915,24.43000031,24.43000031,1,1,1,1,1,1,1,1,1,1,1,1,1,1,1.28%,1.82%,2.24%,2.03%,2.25%,2.07%,2.87%,2.70%,3.92%,4.76%,3.39%,2.12%,2.58%,2.58%
254,2019-03-25,25.39500046,25.95700073,25.52000046,25.04000092,25.02000046,25.11000061,25.14999962,25.28000069,25.26000023,25.23800087,25.14500046,25.2159996,25.56999969,24.96500015,24.96500015,1,1,0,0,0,0,0,0,0,0,0,1,0,0,2.21%,0.49%,-1.40%,-1.48%,-1.12%,-0.96%,-0.45%,-0.53%,-0.62%,-0.98%,-0.70%,0.69%,-1.69%,-1.69%
255,2019-03-25,67.98200226,67.98200226,68.13400269,68.13400269,68.54399872,69.35099792,69.06800079,69.17700195,69.26599884,69.64499664,69.7990036,69.91699982,70.59200287,70.18299866,70.18299866,0,1,1,1,1,1,1,1,1,1,1,1,1,1,0.00%,0.22%,0.22%,0.83%,2.01%,1.60%,1.76%,1.89%,2.45%,2.67%,2.85%,3.84%,3.24%,3.24%
256,2019-03-25,20.48900032,20.75399971,20.74799919,20.81999969,20.84399986,20.89999962,20.79999924,20.87400055,20.89500046,20.97999954,20.89999962,20.88999939,20.85899925,20.84000015,20.84000015,1,1,1,1,1,1,1,1,1,1,1,1,1,1,1.29%,1.26%,1.62%,1.73%,2.01%,1.52%,1.88%,1.98%,2.40%,2.01%,1.96%,1.81%,1.71%,1.71%
257,2019-03-25,25.45999908,25.47999954,25.48999977,25.51000023,25.48999977,25.44000053,25.44000053,25.43000031,25.42000008,25.42000008,25.40999985,25.40999985,25.43000031,25.45000076,25.45000076,1,1,1,1,0,0,0,0,0,0,0,0,0,0,0.08%,0.12%,0.20%,0.12%,-0.08%,-0.08%,-0.12%,-0.16%,-0.16%,-0.20%,-0.20%,-0.12%,-0.04%,-0.04%
258,2019-03-25,50.00500107,49.91500092,50.02000046,50,49.93000031,49.88000107,49.95000076,49.89500046,49.89500046,49.93500137,49.93000031,49.97999954,49.93000031,49.93000031,49.93000031,0,1,0,0,0,0,0,0,0,0,0,0,0,0,-0.18%,0.03%,-0.01%,-0.15%,-0.25%,-0.11%,-0.22%,-0.22%,-0.14%,-0.15%,-0.05%,-0.15%,-0.15%,-0.15%
259,2019-03-25,100.2099991,100.2300034,100.2200012,100.2399979,100.2450027,100.0500031,100.0699997,100.0899963,100.0899963,100.0999985,100.1100006,100.1900024,100.2600021,100.2600021,100.2600021,1,1,1,1,0,0,0,0,0,0,0,1,1,1,0.02%,0.01%,0.03%,0.03%,-0.16%,-0.14%,-0.12%,-0.12%,-0.11%,-0.10%,-0.02%,0.05%,0.05%,0.05%
260,2019-03-25,49.42499924,49.40000153,49.52000046,49.4469986,49.47999954,49.23500061,49.28499985,49.31000137,49.2840004,49.33000183,49.31999969,49.49000168,49.29000092,49.45999908,49.45999908,0,1,1,1,0,0,0,0,0,0,1,0,1,1,-0.05%,0.19%,0.04%,0.11%,-0.38%,-0.28%,-0.23%,-0.29%,-0.19%,-0.21%,0.13%,-0.27%,0.07%,0.07%
261,2019-04-04,25.04000092,25.0189991,25,25.02799988,25.04500008,25.04000092,25.02000046,25.05999947,25.04000092,25.04999924,25.04000092,25.12999916,25.12999916,25.12999916,25.12999916,0,0,0,1,0,0,1,0,1,0,1,1,1,1,-0.08%,-0.16%,-0.05%,0.02%,0.00%,-0.08%,0.08%,0.00%,0.04%,0.00%,0.36%,0.36%,0.36%,0.36%
262,2019-03-25,23.53000069,23.62000084,23.6079998,23.60000038,23.63100052,23.94400024,23.95899963,24.20999908,24.15999985,24.21999931,24.21999931,24.29999924,24.37000084,24.09499931,24.09499931,1,1,1,1,1,1,1,1,1,1,1,1,1,1,0.38%,0.33%,0.30%,0.43%,1.76%,1.82%,2.89%,2.68%,2.93%,2.93%,3.27%,3.57%,2.40%,2.40%
263,2019-03-25,23.98999977,24.12000084,24.04999924,24.06999969,24.22999954,24.40999985,24.45000076,24.54000092,24.55999947,24.62000084,24.61000061,24.71999931,24.90999985,24.89999962,24.89999962,1,1,1,1,1,1,1,1,1,1,1,1,1,1,0.54%,0.25%,0.33%,1.00%,1.75%,1.92%,2.29%,2.38%,2.63%,2.58%,3.04%,3.83%,3.79%,3.79%
264,2019-03-25,21.35400009,21.41900063,21.47100067,21.37899971,21.51099968,21.78300095,21.87000084,22.0909996,22.12000084,22.1420002,22.13899994,22.38699913,22.51499939,22.35000038,22.35000038,1,1,1,1,1,1,1,1,1,1,1,1,1,1,0.30%,0.55%,0.12%,0.74%,2.01%,2.42%,3.45%,3.59%,3.69%,3.68%,4.84%,5.44%,4.66%,4.66%
265,2019-03-25,24.78000069,24.78000069,24.69000053,24.59000015,24.57500076,24.56500053,24.61000061,24.61499977,24.59499931,24.62999916,24.70000076,24.67499924,24.52000046,24.52000046,24.52000046,0,0,0,0,0,0,0,0,0,0,0,0,0,0,0.00%,-0.36%,-0.77%,-0.83%,-0.87%,-0.69%,-0.67%,-0.75%,-0.61%,-0.32%,-0.42%,-1.05%,-1.05%,-1.05%
266,2019-03-25,39.57899857,39.60499954,39.74000168,39.64500046,39.73500061,39.76499939,39.81499863,39.72000122,39.75999832,39.82500076,39.82500076,39.90999985,40.27000046,40.375,40.375,1,1,1,1,1,1,1,1,1,1,1,1,1,1,0.07%,0.41%,0.17%,0.39%,0.47%,0.60%,0.36%,0.46%,0.62%,0.62%,0.84%,1.75%,2.01%,2.01%
267,2019-04-11,25.07500076,24.99500084,25.09000015,25.05999947,25.04999924,25.04999924,25.04999924,25.05999947,25.14999962,25.14999962,25.14999962,25.14999962,25.14999962,25.14999962,25.14999962,0,1,0,0,0,0,0,1,1,1,1,1,1,1,-0.32%,0.06%,-0.06%,-0.10%,-0.10%,-0.10%,-0.06%,0.30%,0.30%,0.30%,0.30%,0.30%,0.30%,0.30%
268,2019-03-25,25.29999924,25.45800018,25.42499924,25.4810009,25.5909996,25.64800072,25.60000038,25.58200073,25.5909996,25.73999977,25.69499969,26.10000038,25.83399963,25.93000031,25.93000031,1,1,1,1,1,1,1,1,1,1,1,1,1,1,0.62%,0.49%,0.72%,1.15%,1.38%,1.19%,1.11%,1.15%,1.74%,1.56%,3.16%,2.11%,2.49%,2.49%
269,2019-03-25,26.47800064,26.69000053,26.53000069,26.57999992,26.67000008,26.87000084,26.80999947,26.92000008,26.87999916,26.90999985,26.85000038,26.84000015,26.93000031,26.73999977,26.73999977,1,1,1,1,1,1,1,1,1,1,1,1,1,1,0.80%,0.20%,0.39%,0.73%,1.48%,1.25%,1.67%,1.52%,1.63%,1.40%,1.37%,1.71%,0.99%,0.99%
270,2019-03-25,70,70,70,70,70,70,70,70,70,70,70,70,70,70,70,0,0,0,0,0,0,0,0,0,0,0,0,0,0,0.00%,0.00%,0.00%,0.00%,0.00%,0.00%,0.00%,0.00%,0.00%,0.00%,0.00%,0.00%,0.00%,0.00%
271,2019-03-25,24.95000076,25.32999992,24.92200089,25,25.09399986,25.36000061,25.32999992,25.33699989,25.42000008,25.54000092,25.54000092,25.56800079,25.77899933,25.77000046,25.77000046,1,0,1,1,1,1,1,1,1,1,1,1,1,1,1.52%,-0.11%,0.20%,0.58%,1.64%,1.52%,1.55%,1.88%,2.36%,2.36%,2.48%,3.32%,3.29%,3.29%
272,2019-03-25,26.92000008,27.14599991,27.13999939,27.29599953,27.47999954,27.79700089,27.70000076,27.87000084,27.91900063,28.09300041,28.10099983,28.25,28.3560009,28.38999939,28.38999939,1,1,1,1,1,1,1,1,1,1,1,1,1,1,0.84%,0.82%,1.40%,2.08%,3.26%,2.90%,3.53%,3.71%,4.36%,4.39%,4.94%,5.33%,5.46%,5.46%
273,2019-03-25,21.93000031,22.05500031,22.01499939,22.17000008,22.375,22.68700027,22.62999916,22.77799988,22.63500023,22.88299942,22.91500092,22.92000008,22.88899994,22.88899994,22.88899994,1,1,1,1,1,1,1,1,1,1,1,1,1,1,0.57%,0.39%,1.09%,2.03%,3.45%,3.19%,3.87%,3.21%,4.35%,4.49%,4.51%,4.37%,4.37%,4.37%
,,,,,,,,,,,,,,,,,,,,,,,,,,,,,,,,,,,,,,,,,,,,
Day 1,Day 2,Day 3,Day 4,Day 5,Day 6,Day 7,Day 8,Day 9,Day 10,Day 15,Day 20,Day 25,Day 30,Average Success Rate,,,,,,,,,,,,,,,,,,,,,,,,,,,,,,
87.96%,87.59%,83.21%,89.05%,81.39%,81.39%,82.48%,82.48%,83.21%,83.94%,85.40%,83.94%,86.86%,86.86%,84.70%,,,,,,,,,,,,,,,,,,,,,,,,,,,,,,
,,,,,,,,,,,,,,,,,,,,,,,,,,,,,,,,,,,,,,,,,,,,
Day 1,Day 2,Day 3,Day 4,Day 5,Day 6,Day 7,Day 8,Day 9,Day 10,Day 15,Day 20,Day 25,Day 30,Average % change,,,,,,,,,,,,,,,,,,,,,,,,,,,,,,
0.65%,0.57%,0.54%,0.90%,1.55%,1.57%,1.99%,1.91%,2.21%,2.28%,2.56%,2.60%,2.66%,2.66%,1.76%,,,,,,,,,,,,,,,,,,,,,,,,,,,,,,
